[{"model": "admin.logentry", "pk": 1, "fields": {"action_time": "2023-04-11T10:46:16.464Z", "user": 1, "content_type": 9, "object_id": "1", "object_repr": "Philosophy", "action_flag": 1, "change_message": "[{\"added\": {}}]"}}, {"model": "admin.logentry", "pk": 2, "fields": {"action_time": "2023-04-11T11:13:50.049Z", "user": 1, "content_type": 9, "object_id": "1", "object_repr": "Philosophy", "action_flag": 2, "change_message": "[{\"changed\": {\"fields\": [\"Slug\"]}}]"}}, {"model": "admin.logentry", "pk": 3, "fields": {"action_time": "2023-04-11T11:21:27.530Z", "user": 1, "content_type": 9, "object_id": "1", "object_repr": "Philosophy", "action_flag": 2, "change_message": "[{\"changed\": {\"fields\": [\"Introduction\"]}}]"}}, {"model": "admin.logentry", "pk": 4, "fields": {"action_time": "2023-04-11T11:29:54.220Z", "user": 1, "content_type": 9, "object_id": "2", "object_repr": "Psychology", "action_flag": 1, "change_message": "[{\"added\": {}}]"}}, {"model": "admin.logentry", "pk": 5, "fields": {"action_time": "2023-04-11T11:50:48.758Z", "user": 1, "content_type": 9, "object_id": "3", "object_repr": "Sociology", "action_flag": 1, "change_message": "[{\"added\": {}}]"}}, {"model": "admin.logentry", "pk": 6, "fields": {"action_time": "2023-04-11T11:53:57.776Z", "user": 1, "content_type": 9, "object_id": "4", "object_repr": "Anthropology", "action_flag": 1, "change_message": "[{\"added\": {}}]"}}, {"model": "admin.logentry", "pk": 7, "fields": {"action_time": "2023-04-11T11:56:21.822Z", "user": 1, "content_type": 9, "object_id": "5", "object_repr": "Linguistics", "action_flag": 1, "change_message": "[{\"added\": {}}]"}}, {"model": "admin.logentry", "pk": 8, "fields": {"action_time": "2023-04-11T11:59:48.430Z", "user": 1, "content_type": 9, "object_id": "6", "object_repr": "Mathematics", "action_flag": 1, "change_message": "[{\"added\": {}}]"}}, {"model": "admin.logentry", "pk": 9, "fields": {"action_time": "2023-04-11T12:04:20.112Z", "user": 1, "content_type": 9, "object_id": "7", "object_repr": "Computer Science", "action_flag": 1, "change_message": "[{\"added\": {}}]"}}, {"model": "admin.logentry", "pk": 10, "fields": {"action_time": "2023-04-11T12:07:58.323Z", "user": 1, "content_type": 9, "object_id": "8", "object_repr": "Economics", "action_flag": 1, "change_message": "[{\"added\": {}}]"}}, {"model": "admin.logentry", "pk": 11, "fields": {"action_time": "2023-04-11T12:10:45.155Z", "user": 1, "content_type": 9, "object_id": "9", "object_repr": "Epistemology", "action_flag": 1, "change_message": "[{\"added\": {}}]"}}, {"model": "admin.logentry", "pk": 12, "fields": {"action_time": "2023-04-11T12:12:34.780Z", "user": 1, "content_type": 9, "object_id": "10", "object_repr": "Logic", "action_flag": 1, "change_message": "[{\"added\": {}}]"}}, {"model": "admin.logentry", "pk": 13, "fields": {"action_time": "2023-04-11T12:20:50.341Z", "user": 1, "content_type": 9, "object_id": "11", "object_repr": "Ontology", "action_flag": 1, "change_message": "[{\"added\": {}}]"}}, {"model": "admin.logentry", "pk": 14, "fields": {"action_time": "2023-04-11T12:25:58.099Z", "user": 1, "content_type": 9, "object_id": "12", "object_repr": "Aesthetics", "action_flag": 1, "change_message": "[{\"added\": {}}]"}}, {"model": "admin.logentry", "pk": 15, "fields": {"action_time": "2023-04-11T12:28:51.029Z", "user": 1, "content_type": 9, "object_id": "13", "object_repr": "Philosophy of Art", "action_flag": 1, "change_message": "[{\"added\": {}}]"}}, {"model": "admin.logentry", "pk": 16, "fields": {"action_time": "2023-04-11T12:35:54.887Z", "user": 1, "content_type": 9, "object_id": "14", "object_repr": "Set Theory", "action_flag": 1, "change_message": "[{\"added\": {}}]"}}, {"model": "admin.logentry", "pk": 17, "fields": {"action_time": "2023-04-11T12:47:56.832Z", "user": 1, "content_type": 9, "object_id": "15", "object_repr": "Category Theory", "action_flag": 1, "change_message": "[{\"added\": {}}]"}}, {"model": "admin.logentry", "pk": 18, "fields": {"action_time": "2023-04-11T13:05:45.508Z", "user": 1, "content_type": 9, "object_id": "16", "object_repr": "Model Theory", "action_flag": 1, "change_message": "[{\"added\": {}}]"}}, {"model": "admin.logentry", "pk": 19, "fields": {"action_time": "2023-04-11T13:11:08.953Z", "user": 1, "content_type": 9, "object_id": "15", "object_repr": "Category Theory", "action_flag": 2, "change_message": "[{\"changed\": {\"fields\": [\"Introduction\"]}}]"}}, {"model": "admin.logentry", "pk": 20, "fields": {"action_time": "2023-04-11T13:13:44.300Z", "user": 1, "content_type": 9, "object_id": "1", "object_repr": "Philosophy", "action_flag": 2, "change_message": "[{\"changed\": {\"fields\": [\"Introduction\"]}}]"}}, {"model": "admin.logentry", "pk": 21, "fields": {"action_time": "2023-04-11T13:17:14.654Z", "user": 1, "content_type": 9, "object_id": "2", "object_repr": "Psychology", "action_flag": 2, "change_message": "[{\"changed\": {\"fields\": [\"Introduction\"]}}]"}}, {"model": "admin.logentry", "pk": 22, "fields": {"action_time": "2023-04-11T13:17:22.640Z", "user": 1, "content_type": 9, "object_id": "2", "object_repr": "Psychology", "action_flag": 2, "change_message": "[]"}}, {"model": "admin.logentry", "pk": 23, "fields": {"action_time": "2023-04-11T13:20:56.318Z", "user": 1, "content_type": 9, "object_id": "3", "object_repr": "Sociology", "action_flag": 2, "change_message": "[{\"changed\": {\"fields\": [\"Introduction\"]}}]"}}, {"model": "admin.logentry", "pk": 24, "fields": {"action_time": "2023-04-11T13:24:37.007Z", "user": 1, "content_type": 9, "object_id": "4", "object_repr": "Anthropology", "action_flag": 2, "change_message": "[{\"changed\": {\"fields\": [\"Introduction\"]}}]"}}, {"model": "admin.logentry", "pk": 25, "fields": {"action_time": "2023-04-11T13:25:13.474Z", "user": 1, "content_type": 9, "object_id": "4", "object_repr": "Anthropology", "action_flag": 2, "change_message": "[]"}}, {"model": "admin.logentry", "pk": 26, "fields": {"action_time": "2023-04-11T13:27:48.332Z", "user": 1, "content_type": 9, "object_id": "5", "object_repr": "Linguistics", "action_flag": 2, "change_message": "[{\"changed\": {\"fields\": [\"Introduction\"]}}]"}}, {"model": "admin.logentry", "pk": 27, "fields": {"action_time": "2023-04-11T13:30:48.313Z", "user": 1, "content_type": 9, "object_id": "6", "object_repr": "Mathematics", "action_flag": 2, "change_message": "[{\"changed\": {\"fields\": [\"Introduction\"]}}]"}}, {"model": "admin.logentry", "pk": 28, "fields": {"action_time": "2023-04-11T13:45:40.761Z", "user": 1, "content_type": 9, "object_id": "7", "object_repr": "Computer Science", "action_flag": 2, "change_message": "[{\"changed\": {\"fields\": [\"Introduction\"]}}]"}}, {"model": "admin.logentry", "pk": 29, "fields": {"action_time": "2023-04-11T13:48:59.038Z", "user": 1, "content_type": 9, "object_id": "8", "object_repr": "Economics", "action_flag": 2, "change_message": "[{\"changed\": {\"fields\": [\"Introduction\"]}}]"}}, {"model": "admin.logentry", "pk": 30, "fields": {"action_time": "2023-04-11T13:51:50.547Z", "user": 1, "content_type": 9, "object_id": "9", "object_repr": "Epistemology", "action_flag": 2, "change_message": "[{\"changed\": {\"fields\": [\"Introduction\"]}}]"}}, {"model": "admin.logentry", "pk": 31, "fields": {"action_time": "2023-04-11T13:54:39.785Z", "user": 1, "content_type": 9, "object_id": "10", "object_repr": "Logic", "action_flag": 2, "change_message": "[{\"changed\": {\"fields\": [\"Introduction\"]}}]"}}, {"model": "admin.logentry", "pk": 32, "fields": {"action_time": "2023-04-11T13:54:57.066Z", "user": 1, "content_type": 9, "object_id": "10", "object_repr": "Logic", "action_flag": 2, "change_message": "[]"}}, {"model": "admin.logentry", "pk": 33, "fields": {"action_time": "2023-04-11T13:55:08.088Z", "user": 1, "content_type": 9, "object_id": "10", "object_repr": "Logic", "action_flag": 2, "change_message": "[]"}}, {"model": "admin.logentry", "pk": 34, "fields": {"action_time": "2023-04-11T13:58:16.255Z", "user": 1, "content_type": 9, "object_id": "11", "object_repr": "Ontology", "action_flag": 2, "change_message": "[{\"changed\": {\"fields\": [\"Introduction\"]}}]"}}, {"model": "admin.logentry", "pk": 35, "fields": {"action_time": "2023-04-11T14:02:02.315Z", "user": 1, "content_type": 9, "object_id": "12", "object_repr": "Aesthetics", "action_flag": 2, "change_message": "[{\"changed\": {\"fields\": [\"Introduction\"]}}]"}}, {"model": "admin.logentry", "pk": 36, "fields": {"action_time": "2023-04-11T14:05:45.035Z", "user": 1, "content_type": 9, "object_id": "13", "object_repr": "Philosophy of Art", "action_flag": 2, "change_message": "[{\"changed\": {\"fields\": [\"Introduction\"]}}]"}}, {"model": "admin.logentry", "pk": 37, "fields": {"action_time": "2023-04-11T14:10:06.236Z", "user": 1, "content_type": 9, "object_id": "14", "object_repr": "Set Theory", "action_flag": 2, "change_message": "[{\"changed\": {\"fields\": [\"Introduction\"]}}]"}}, {"model": "admin.logentry", "pk": 38, "fields": {"action_time": "2023-04-11T14:10:38.688Z", "user": 1, "content_type": 9, "object_id": "15", "object_repr": "Category Theory", "action_flag": 2, "change_message": "[]"}}, {"model": "admin.logentry", "pk": 39, "fields": {"action_time": "2023-04-11T14:18:28.224Z", "user": 1, "content_type": 9, "object_id": "16", "object_repr": "Model Theory", "action_flag": 2, "change_message": "[{\"changed\": {\"fields\": [\"Introduction\"]}}]"}}, {"model": "admin.logentry", "pk": 40, "fields": {"action_time": "2023-04-11T14:21:46.073Z", "user": 1, "content_type": 9, "object_id": "16", "object_repr": "Model Theory", "action_flag": 2, "change_message": "[{\"changed\": {\"fields\": [\"Introduction\"]}}]"}}, {"model": "admin.logentry", "pk": 41, "fields": {"action_time": "2023-04-11T14:22:18.848Z", "user": 1, "content_type": 9, "object_id": "15", "object_repr": "Category Theory", "action_flag": 2, "change_message": "[{\"changed\": {\"fields\": [\"Introduction\"]}}]"}}, {"model": "admin.logentry", "pk": 42, "fields": {"action_time": "2023-04-11T14:22:32.763Z", "user": 1, "content_type": 9, "object_id": "14", "object_repr": "Set Theory", "action_flag": 2, "change_message": "[{\"changed\": {\"fields\": [\"Introduction\"]}}]"}}, {"model": "admin.logentry", "pk": 43, "fields": {"action_time": "2023-04-11T14:22:43.704Z", "user": 1, "content_type": 9, "object_id": "14", "object_repr": "Set Theory", "action_flag": 2, "change_message": "[]"}}, {"model": "admin.logentry", "pk": 44, "fields": {"action_time": "2023-04-11T14:22:49.099Z", "user": 1, "content_type": 9, "object_id": "14", "object_repr": "Set Theory", "action_flag": 2, "change_message": "[]"}}, {"model": "admin.logentry", "pk": 45, "fields": {"action_time": "2023-04-11T14:23:12.782Z", "user": 1, "content_type": 9, "object_id": "13", "object_repr": "Philosophy of Art", "action_flag": 2, "change_message": "[{\"changed\": {\"fields\": [\"Introduction\"]}}]"}}, {"model": "admin.logentry", "pk": 46, "fields": {"action_time": "2023-04-11T14:23:28.933Z", "user": 1, "content_type": 9, "object_id": "12", "object_repr": "Aesthetics", "action_flag": 2, "change_message": "[{\"changed\": {\"fields\": [\"Introduction\"]}}]"}}, {"model": "admin.logentry", "pk": 47, "fields": {"action_time": "2023-04-11T14:23:46.637Z", "user": 1, "content_type": 9, "object_id": "11", "object_repr": "Ontology", "action_flag": 2, "change_message": "[{\"changed\": {\"fields\": [\"Introduction\"]}}]"}}, {"model": "admin.logentry", "pk": 48, "fields": {"action_time": "2023-04-11T14:23:52.565Z", "user": 1, "content_type": 9, "object_id": "11", "object_repr": "Ontology", "action_flag": 2, "change_message": "[]"}}, {"model": "admin.logentry", "pk": 49, "fields": {"action_time": "2023-04-11T14:24:08.387Z", "user": 1, "content_type": 9, "object_id": "10", "object_repr": "Logic", "action_flag": 2, "change_message": "[{\"changed\": {\"fields\": [\"Introduction\"]}}]"}}, {"model": "admin.logentry", "pk": 50, "fields": {"action_time": "2023-04-11T14:24:21.954Z", "user": 1, "content_type": 9, "object_id": "9", "object_repr": "Epistemology", "action_flag": 2, "change_message": "[{\"changed\": {\"fields\": [\"Introduction\"]}}]"}}, {"model": "admin.logentry", "pk": 51, "fields": {"action_time": "2023-04-11T14:24:50.747Z", "user": 1, "content_type": 9, "object_id": "8", "object_repr": "Economics", "action_flag": 2, "change_message": "[{\"changed\": {\"fields\": [\"Introduction\"]}}]"}}, {"model": "admin.logentry", "pk": 52, "fields": {"action_time": "2023-04-11T14:27:05.626Z", "user": 1, "content_type": 9, "object_id": "7", "object_repr": "Computer Science", "action_flag": 2, "change_message": "[{\"changed\": {\"fields\": [\"Introduction\"]}}]"}}, {"model": "admin.logentry", "pk": 53, "fields": {"action_time": "2023-04-11T14:27:35.545Z", "user": 1, "content_type": 9, "object_id": "6", "object_repr": "Mathematics", "action_flag": 2, "change_message": "[{\"changed\": {\"fields\": [\"Introduction\"]}}]"}}, {"model": "admin.logentry", "pk": 54, "fields": {"action_time": "2023-04-11T14:27:55.841Z", "user": 1, "content_type": 9, "object_id": "5", "object_repr": "Linguistics", "action_flag": 2, "change_message": "[{\"changed\": {\"fields\": [\"Introduction\"]}}]"}}, {"model": "admin.logentry", "pk": 55, "fields": {"action_time": "2023-04-11T14:28:26.216Z", "user": 1, "content_type": 9, "object_id": "4", "object_repr": "Anthropology", "action_flag": 2, "change_message": "[{\"changed\": {\"fields\": [\"Introduction\"]}}]"}}, {"model": "admin.logentry", "pk": 56, "fields": {"action_time": "2023-04-11T14:28:45.200Z", "user": 1, "content_type": 9, "object_id": "3", "object_repr": "Sociology", "action_flag": 2, "change_message": "[{\"changed\": {\"fields\": [\"Introduction\"]}}]"}}, {"model": "admin.logentry", "pk": 57, "fields": {"action_time": "2023-04-11T14:29:06.706Z", "user": 1, "content_type": 9, "object_id": "2", "object_repr": "Psychology", "action_flag": 2, "change_message": "[{\"changed\": {\"fields\": [\"Introduction\"]}}]"}}, {"model": "admin.logentry", "pk": 58, "fields": {"action_time": "2023-04-11T14:29:34.227Z", "user": 1, "content_type": 9, "object_id": "1", "object_repr": "Philosophy", "action_flag": 2, "change_message": "[{\"changed\": {\"fields\": [\"Introduction\"]}}]"}}, {"model": "admin.logentry", "pk": 59, "fields": {"action_time": "2023-04-11T14:32:11.302Z", "user": 1, "content_type": 9, "object_id": "16", "object_repr": "Model Theory", "action_flag": 2, "change_message": "[{\"changed\": {\"fields\": [\"Introduction\"]}}]"}}, {"model": "admin.logentry", "pk": 60, "fields": {"action_time": "2023-04-11T17:08:10.899Z", "user": 1, "content_type": 9, "object_id": "17", "object_repr": "Communication", "action_flag": 1, "change_message": "[{\"added\": {}}]"}}, {"model": "admin.logentry", "pk": 61, "fields": {"action_time": "2023-04-11T17:25:52.674Z", "user": 1, "content_type": 10, "object_id": "1", "object_repr": "Shannon", "action_flag": 1, "change_message": "[{\"added\": {}}]"}}, {"model": "admin.logentry", "pk": 62, "fields": {"action_time": "2023-04-11T17:26:22.352Z", "user": 1, "content_type": 10, "object_id": "2", "object_repr": "McLuhan", "action_flag": 1, "change_message": "[{\"added\": {}}]"}}, {"model": "admin.logentry", "pk": 63, "fields": {"action_time": "2023-04-11T17:26:40.077Z", "user": 1, "content_type": 10, "object_id": "3", "object_repr": "Wiener", "action_flag": 1, "change_message": "[{\"added\": {}}]"}}, {"model": "admin.logentry", "pk": 64, "fields": {"action_time": "2023-04-11T17:27:10.921Z", "user": 1, "content_type": 10, "object_id": "4", "object_repr": "Tarski", "action_flag": 1, "change_message": "[{\"added\": {}}]"}}, {"model": "admin.logentry", "pk": 65, "fields": {"action_time": "2023-04-11T17:27:21.500Z", "user": 1, "content_type": 10, "object_id": "5", "object_repr": "Scott", "action_flag": 1, "change_message": "[{\"added\": {}}]"}}, {"model": "admin.logentry", "pk": 66, "fields": {"action_time": "2023-04-11T17:27:53.572Z", "user": 1, "content_type": 10, "object_id": "6", "object_repr": "Morley", "action_flag": 1, "change_message": "[{\"added\": {}}]"}}, {"model": "admin.logentry", "pk": 67, "fields": {"action_time": "2023-04-11T17:30:40.406Z", "user": 1, "content_type": 10, "object_id": "7", "object_repr": "Mac Lane", "action_flag": 1, "change_message": "[{\"added\": {}}]"}}, {"model": "admin.logentry", "pk": 68, "fields": {"action_time": "2023-04-11T17:31:03.498Z", "user": 1, "content_type": 10, "object_id": "8", "object_repr": "Eilenberg", "action_flag": 1, "change_message": "[{\"added\": {}}]"}}, {"model": "admin.logentry", "pk": 69, "fields": {"action_time": "2023-04-11T17:31:17.737Z", "user": 1, "content_type": 10, "object_id": "9", "object_repr": "Cheng", "action_flag": 1, "change_message": "[{\"added\": {}}]"}}, {"model": "admin.logentry", "pk": 70, "fields": {"action_time": "2023-04-11T17:31:36.858Z", "user": 1, "content_type": 10, "object_id": "10", "object_repr": "Danto", "action_flag": 1, "change_message": "[{\"added\": {}}]"}}, {"model": "admin.logentry", "pk": 71, "fields": {"action_time": "2023-04-11T17:31:50.498Z", "user": 1, "content_type": 10, "object_id": "11", "object_repr": "Goodman", "action_flag": 1, "change_message": "[{\"added\": {}}]"}}, {"model": "admin.logentry", "pk": 72, "fields": {"action_time": "2023-04-11T17:32:10.320Z", "user": 1, "content_type": 10, "object_id": "12", "object_repr": "Caroll", "action_flag": 1, "change_message": "[{\"added\": {}}]"}}, {"model": "admin.logentry", "pk": 73, "fields": {"action_time": "2023-04-11T17:32:25.377Z", "user": 1, "content_type": 10, "object_id": "13", "object_repr": "Kant", "action_flag": 1, "change_message": "[{\"added\": {}}]"}}, {"model": "admin.logentry", "pk": 74, "fields": {"action_time": "2023-04-11T17:32:43.605Z", "user": 1, "content_type": 10, "object_id": "14", "object_repr": "Burke", "action_flag": 1, "change_message": "[{\"added\": {}}]"}}, {"model": "admin.logentry", "pk": 75, "fields": {"action_time": "2023-04-11T17:33:05.126Z", "user": 1, "content_type": 10, "object_id": "15", "object_repr": "Dickie", "action_flag": 1, "change_message": "[{\"added\": {}}]"}}, {"model": "admin.logentry", "pk": 76, "fields": {"action_time": "2023-04-11T17:33:21.108Z", "user": 1, "content_type": 10, "object_id": "16", "object_repr": "Quine", "action_flag": 1, "change_message": "[{\"added\": {}}]"}}, {"model": "admin.logentry", "pk": 77, "fields": {"action_time": "2023-04-11T17:33:31.289Z", "user": 1, "content_type": 10, "object_id": "17", "object_repr": "Carnap", "action_flag": 1, "change_message": "[{\"added\": {}}]"}}, {"model": "admin.logentry", "pk": 78, "fields": {"action_time": "2023-04-11T17:33:40.021Z", "user": 1, "content_type": 10, "object_id": "18", "object_repr": "Smith", "action_flag": 1, "change_message": "[{\"added\": {}}]"}}, {"model": "admin.logentry", "pk": 79, "fields": {"action_time": "2023-04-11T17:33:52.140Z", "user": 1, "content_type": 10, "object_id": "19", "object_repr": "Gödel", "action_flag": 1, "change_message": "[{\"added\": {}}]"}}, {"model": "admin.logentry", "pk": 80, "fields": {"action_time": "2023-04-11T17:34:59.756Z", "user": 1, "content_type": 10, "object_id": "20", "object_repr": "Turing", "action_flag": 1, "change_message": "[{\"added\": {}}]"}}, {"model": "admin.logentry", "pk": 81, "fields": {"action_time": "2023-04-11T17:35:14.297Z", "user": 1, "content_type": 10, "object_id": "21", "object_repr": "Church", "action_flag": 1, "change_message": "[{\"added\": {}}]"}}, {"model": "admin.logentry", "pk": 82, "fields": {"action_time": "2023-04-11T17:35:52.517Z", "user": 1, "content_type": 10, "object_id": "22", "object_repr": "Popper", "action_flag": 1, "change_message": "[{\"added\": {}}]"}}, {"model": "admin.logentry", "pk": 83, "fields": {"action_time": "2023-04-11T17:36:03.554Z", "user": 1, "content_type": 10, "object_id": "23", "object_repr": "Kuhn", "action_flag": 1, "change_message": "[{\"added\": {}}]"}}, {"model": "admin.logentry", "pk": 84, "fields": {"action_time": "2023-04-11T17:36:27.482Z", "user": 1, "content_type": 10, "object_id": "24", "object_repr": "Gettier", "action_flag": 1, "change_message": "[{\"added\": {}}]"}}, {"model": "admin.logentry", "pk": 85, "fields": {"action_time": "2023-04-11T17:39:35.015Z", "user": 1, "content_type": 10, "object_id": "25", "object_repr": "von Neumann", "action_flag": 1, "change_message": "[{\"added\": {}}]"}}, {"model": "admin.logentry", "pk": 86, "fields": {"action_time": "2023-04-11T17:48:05.721Z", "user": 1, "content_type": 10, "object_id": "26", "object_repr": "Simon", "action_flag": 1, "change_message": "[{\"added\": {}}]"}}, {"model": "admin.logentry", "pk": 87, "fields": {"action_time": "2023-04-11T17:48:31.034Z", "user": 1, "content_type": 10, "object_id": "27", "object_repr": "Roth", "action_flag": 1, "change_message": "[{\"added\": {}}]"}}, {"model": "admin.logentry", "pk": 88, "fields": {"action_time": "2023-04-11T17:48:47.131Z", "user": 1, "content_type": 10, "object_id": "28", "object_repr": "Minsky", "action_flag": 1, "change_message": "[{\"added\": {}}]"}}, {"model": "admin.logentry", "pk": 89, "fields": {"action_time": "2023-04-11T17:49:07.722Z", "user": 1, "content_type": 10, "object_id": "29", "object_repr": "Hinton", "action_flag": 1, "change_message": "[{\"added\": {}}]"}}, {"model": "admin.logentry", "pk": 90, "fields": {"action_time": "2023-04-11T17:49:28.380Z", "user": 1, "content_type": 10, "object_id": "30", "object_repr": "Kolmogorov", "action_flag": 1, "change_message": "[{\"added\": {}}]"}}, {"model": "admin.logentry", "pk": 91, "fields": {"action_time": "2023-04-11T17:49:38.700Z", "user": 1, "content_type": 10, "object_id": "31", "object_repr": "Hilbert", "action_flag": 1, "change_message": "[{\"added\": {}}]"}}, {"model": "admin.logentry", "pk": 92, "fields": {"action_time": "2023-04-11T17:49:49.412Z", "user": 1, "content_type": 10, "object_id": "32", "object_repr": "Nash", "action_flag": 1, "change_message": "[{\"added\": {}}]"}}, {"model": "admin.logentry", "pk": 93, "fields": {"action_time": "2023-04-11T17:50:13.193Z", "user": 1, "content_type": 10, "object_id": "33", "object_repr": "Chomsky", "action_flag": 1, "change_message": "[{\"added\": {}}]"}}, {"model": "admin.logentry", "pk": 94, "fields": {"action_time": "2023-04-11T17:51:04.593Z", "user": 1, "content_type": 10, "object_id": "34", "object_repr": "Firth", "action_flag": 1, "change_message": "[{\"added\": {}}]"}}, {"model": "admin.logentry", "pk": 95, "fields": {"action_time": "2023-04-11T17:51:24.431Z", "user": 1, "content_type": 10, "object_id": "35", "object_repr": "Jackendoff", "action_flag": 1, "change_message": "[{\"added\": {}}]"}}, {"model": "admin.logentry", "pk": 96, "fields": {"action_time": "2023-04-11T17:51:52.640Z", "user": 1, "content_type": 10, "object_id": "36", "object_repr": "Geertz", "action_flag": 1, "change_message": "[{\"added\": {}}]"}}, {"model": "admin.logentry", "pk": 97, "fields": {"action_time": "2023-04-11T17:52:06.897Z", "user": 1, "content_type": 10, "object_id": "37", "object_repr": "Suchman", "action_flag": 1, "change_message": "[{\"added\": {}}]"}}, {"model": "admin.logentry", "pk": 98, "fields": {"action_time": "2023-04-11T17:52:23.646Z", "user": 1, "content_type": 10, "object_id": "38", "object_repr": "Bell", "action_flag": 1, "change_message": "[{\"added\": {}}]"}}, {"model": "admin.logentry", "pk": 99, "fields": {"action_time": "2023-04-11T17:52:42.399Z", "user": 1, "content_type": 10, "object_id": "39", "object_repr": "Goffman", "action_flag": 1, "change_message": "[{\"added\": {}}]"}}, {"model": "admin.logentry", "pk": 100, "fields": {"action_time": "2023-04-11T17:53:00.579Z", "user": 1, "content_type": 10, "object_id": "40", "object_repr": "Latour", "action_flag": 1, "change_message": "[{\"added\": {}}]"}}, {"model": "admin.logentry", "pk": 101, "fields": {"action_time": "2023-04-11T17:53:54.008Z", "user": 1, "content_type": 10, "object_id": "41", "object_repr": "Hayles", "action_flag": 1, "change_message": "[{\"added\": {}}]"}}, {"model": "admin.logentry", "pk": 102, "fields": {"action_time": "2023-04-11T17:55:26.071Z", "user": 1, "content_type": 10, "object_id": "42", "object_repr": "Skinner", "action_flag": 1, "change_message": "[{\"added\": {}}]"}}, {"model": "admin.logentry", "pk": 103, "fields": {"action_time": "2023-04-11T17:55:49.345Z", "user": 1, "content_type": 10, "object_id": "43", "object_repr": "Piaget", "action_flag": 1, "change_message": "[{\"added\": {}}]"}}, {"model": "admin.logentry", "pk": 104, "fields": {"action_time": "2023-04-11T17:56:42.046Z", "user": 1, "content_type": 10, "object_id": "44", "object_repr": "Loftus", "action_flag": 1, "change_message": "[{\"added\": {}}]"}}, {"model": "admin.logentry", "pk": 105, "fields": {"action_time": "2023-04-11T17:56:57.260Z", "user": 1, "content_type": 10, "object_id": "45", "object_repr": "Searle", "action_flag": 1, "change_message": "[{\"added\": {}}]"}}, {"model": "admin.logentry", "pk": 106, "fields": {"action_time": "2023-04-11T17:57:13.651Z", "user": 1, "content_type": 10, "object_id": "46", "object_repr": "Dennett", "action_flag": 1, "change_message": "[{\"added\": {}}]"}}, {"model": "admin.logentry", "pk": 107, "fields": {"action_time": "2023-04-11T17:57:42.727Z", "user": 1, "content_type": 10, "object_id": "47", "object_repr": "Dreyfus", "action_flag": 1, "change_message": "[{\"added\": {}}]"}}, {"model": "admin.logentry", "pk": 108, "fields": {"action_time": "2023-04-11T17:58:11.723Z", "user": 1, "content_type": 10, "object_id": "48", "object_repr": "Cohen", "action_flag": 1, "change_message": "[{\"added\": {}}]"}}, {"model": "admin.logentry", "pk": 109, "fields": {"action_time": "2023-04-11T17:59:27.850Z", "user": 1, "content_type": 10, "object_id": "49", "object_repr": "Cohen", "action_flag": 1, "change_message": "[{\"added\": {}}]"}}, {"model": "admin.logentry", "pk": 110, "fields": {"action_time": "2023-04-11T17:59:41.535Z", "user": 1, "content_type": 10, "object_id": "50", "object_repr": "Levin", "action_flag": 1, "change_message": "[{\"added\": {}}]"}}, {"model": "admin.logentry", "pk": 111, "fields": {"action_time": "2023-04-11T17:59:59.720Z", "user": 1, "content_type": 10, "object_id": "51", "object_repr": "Chung", "action_flag": 1, "change_message": "[{\"added\": {}}]"}}, {"model": "admin.logentry", "pk": 112, "fields": {"action_time": "2023-04-11T18:00:22.791Z", "user": 1, "content_type": 10, "object_id": "52", "object_repr": "LeCun", "action_flag": 1, "change_message": "[{\"added\": {}}]"}}, {"model": "admin.logentry", "pk": 113, "fields": {"action_time": "2023-04-11T18:00:43.950Z", "user": 1, "content_type": 10, "object_id": "53", "object_repr": "Bengio", "action_flag": 1, "change_message": "[{\"added\": {}}]"}}, {"model": "admin.logentry", "pk": 114, "fields": {"action_time": "2023-04-11T18:01:01.848Z", "user": 1, "content_type": 10, "object_id": "54", "object_repr": "Mitchell", "action_flag": 1, "change_message": "[{\"added\": {}}]"}}, {"model": "admin.logentry", "pk": 115, "fields": {"action_time": "2023-04-11T18:01:18.004Z", "user": 1, "content_type": 10, "object_id": "55", "object_repr": "Pearl", "action_flag": 1, "change_message": "[{\"added\": {}}]"}}, {"model": "admin.logentry", "pk": 116, "fields": {"action_time": "2023-04-11T18:01:28.812Z", "user": 1, "content_type": 10, "object_id": "56", "object_repr": "Ng", "action_flag": 1, "change_message": "[{\"added\": {}}]"}}, {"model": "admin.logentry", "pk": 117, "fields": {"action_time": "2023-04-11T18:01:48.507Z", "user": 1, "content_type": 10, "object_id": "57", "object_repr": "Wolfram", "action_flag": 1, "change_message": "[{\"added\": {}}]"}}, {"model": "admin.logentry", "pk": 118, "fields": {"action_time": "2023-04-11T18:02:15.776Z", "user": 1, "content_type": 10, "object_id": "58", "object_repr": "Backus", "action_flag": 1, "change_message": "[{\"added\": {}}]"}}, {"model": "admin.logentry", "pk": 119, "fields": {"action_time": "2023-04-11T18:02:37.489Z", "user": 1, "content_type": 10, "object_id": "59", "object_repr": "Rabin", "action_flag": 1, "change_message": "[{\"added\": {}}]"}}, {"model": "admin.logentry", "pk": 120, "fields": {"action_time": "2023-04-11T18:03:41.844Z", "user": 1, "content_type": 9, "object_id": "17", "object_repr": "Communication", "action_flag": 2, "change_message": "[{\"changed\": {\"fields\": [\"Key figures\"]}}]"}}, {"model": "admin.logentry", "pk": 121, "fields": {"action_time": "2023-04-11T18:03:58.898Z", "user": 1, "content_type": 9, "object_id": "16", "object_repr": "Model Theory", "action_flag": 2, "change_message": "[{\"changed\": {\"fields\": [\"Key figures\"]}}]"}}, {"model": "admin.logentry", "pk": 122, "fields": {"action_time": "2023-04-11T18:04:09.790Z", "user": 1, "content_type": 9, "object_id": "17", "object_repr": "Communication", "action_flag": 2, "change_message": "[]"}}, {"model": "admin.logentry", "pk": 123, "fields": {"action_time": "2023-04-11T18:04:32.424Z", "user": 1, "content_type": 9, "object_id": "15", "object_repr": "Category Theory", "action_flag": 2, "change_message": "[{\"changed\": {\"fields\": [\"Key figures\"]}}]"}}, {"model": "admin.logentry", "pk": 124, "fields": {"action_time": "2023-04-11T18:05:00.844Z", "user": 1, "content_type": 9, "object_id": "13", "object_repr": "Philosophy of Art", "action_flag": 2, "change_message": "[{\"changed\": {\"fields\": [\"Key figures\"]}}]"}}, {"model": "admin.logentry", "pk": 125, "fields": {"action_time": "2023-04-11T18:05:21.255Z", "user": 1, "content_type": 9, "object_id": "12", "object_repr": "Aesthetics", "action_flag": 2, "change_message": "[{\"changed\": {\"fields\": [\"Key figures\"]}}]"}}, {"model": "admin.logentry", "pk": 126, "fields": {"action_time": "2023-04-11T18:05:50.410Z", "user": 1, "content_type": 9, "object_id": "11", "object_repr": "Ontology", "action_flag": 2, "change_message": "[{\"changed\": {\"fields\": [\"Key figures\"]}}]"}}, {"model": "admin.logentry", "pk": 127, "fields": {"action_time": "2023-04-11T18:06:18.196Z", "user": 1, "content_type": 9, "object_id": "10", "object_repr": "Logic", "action_flag": 2, "change_message": "[{\"changed\": {\"fields\": [\"Key figures\"]}}]"}}, {"model": "admin.logentry", "pk": 128, "fields": {"action_time": "2023-04-11T18:06:39.060Z", "user": 1, "content_type": 9, "object_id": "9", "object_repr": "Epistemology", "action_flag": 2, "change_message": "[{\"changed\": {\"fields\": [\"Key figures\"]}}]"}}, {"model": "admin.logentry", "pk": 129, "fields": {"action_time": "2023-04-11T18:07:01.650Z", "user": 1, "content_type": 9, "object_id": "8", "object_repr": "Economics", "action_flag": 2, "change_message": "[{\"changed\": {\"fields\": [\"Key figures\"]}}]"}}, {"model": "admin.logentry", "pk": 130, "fields": {"action_time": "2023-04-11T18:07:25.936Z", "user": 1, "content_type": 9, "object_id": "7", "object_repr": "Computer Science", "action_flag": 2, "change_message": "[{\"changed\": {\"fields\": [\"Key figures\"]}}]"}}, {"model": "admin.logentry", "pk": 131, "fields": {"action_time": "2023-04-11T18:07:52.720Z", "user": 1, "content_type": 9, "object_id": "6", "object_repr": "Mathematics", "action_flag": 2, "change_message": "[{\"changed\": {\"fields\": [\"Key figures\"]}}]"}}, {"model": "admin.logentry", "pk": 132, "fields": {"action_time": "2023-04-11T18:08:13.315Z", "user": 1, "content_type": 9, "object_id": "5", "object_repr": "Linguistics", "action_flag": 2, "change_message": "[{\"changed\": {\"fields\": [\"Key figures\"]}}]"}}, {"model": "admin.logentry", "pk": 133, "fields": {"action_time": "2023-04-11T18:08:35.661Z", "user": 1, "content_type": 9, "object_id": "4", "object_repr": "Anthropology", "action_flag": 2, "change_message": "[{\"changed\": {\"fields\": [\"Key figures\"]}}]"}}, {"model": "admin.logentry", "pk": 134, "fields": {"action_time": "2023-04-11T18:09:01.379Z", "user": 1, "content_type": 9, "object_id": "3", "object_repr": "Sociology", "action_flag": 2, "change_message": "[{\"changed\": {\"fields\": [\"Key figures\"]}}]"}}, {"model": "admin.logentry", "pk": 135, "fields": {"action_time": "2023-04-11T18:09:26.674Z", "user": 1, "content_type": 9, "object_id": "2", "object_repr": "Psychology", "action_flag": 2, "change_message": "[{\"changed\": {\"fields\": [\"Key figures\"]}}]"}}, {"model": "admin.logentry", "pk": 136, "fields": {"action_time": "2023-04-11T18:09:52.943Z", "user": 1, "content_type": 9, "object_id": "1", "object_repr": "Philosophy", "action_flag": 2, "change_message": "[{\"changed\": {\"fields\": [\"Key figures\"]}}]"}}, {"model": "admin.logentry", "pk": 137, "fields": {"action_time": "2023-04-11T19:05:09.806Z", "user": 1, "content_type": 7, "object_id": "1", "object_repr": "Knowledge Representation and Reasoning (KRR) group", "action_flag": 1, "change_message": "[{\"added\": {}}]"}}, {"model": "admin.logentry", "pk": 138, "fields": {"action_time": "2023-04-11T19:10:11.742Z", "user": 1, "content_type": 11, "object_id": "1", "object_repr": "Stanford University", "action_flag": 1, "change_message": "[{\"added\": {}}]"}}, {"model": "admin.logentry", "pk": 139, "fields": {"action_time": "2023-04-11T19:11:13.023Z", "user": 1, "content_type": 11, "object_id": "2", "object_repr": "University of Campinas, Brazil", "action_flag": 1, "change_message": "[{\"added\": {}}]"}}, {"model": "admin.logentry", "pk": 140, "fields": {"action_time": "2023-04-11T19:11:31.496Z", "user": 1, "content_type": 11, "object_id": "3", "object_repr": "University of Lisbon", "action_flag": 1, "change_message": "[{\"added\": {}}]"}}, {"model": "admin.logentry", "pk": 141, "fields": {"action_time": "2023-04-11T19:11:48.939Z", "user": 1, "content_type": 11, "object_id": "2", "object_repr": "University of Campinas", "action_flag": 2, "change_message": "[{\"changed\": {\"fields\": [\"Name\"]}}]"}}, {"model": "admin.logentry", "pk": 142, "fields": {"action_time": "2023-04-11T19:11:58.306Z", "user": 1, "content_type": 11, "object_id": "4", "object_repr": "University of Mannheim", "action_flag": 1, "change_message": "[{\"added\": {}}]"}}, {"model": "admin.logentry", "pk": 143, "fields": {"action_time": "2023-04-11T19:12:45.236Z", "user": 1, "content_type": 7, "object_id": "2", "object_repr": "Centre for Logic, Epistemology, and the History of Science (CLE)", "action_flag": 1, "change_message": "[{\"added\": {}}]"}}, {"model": "admin.logentry", "pk": 144, "fields": {"action_time": "2023-04-11T19:27:38.783Z", "user": 1, "content_type": 7, "object_id": "3", "object_repr": "Center for Human-Compatible AI (CHAI)", "action_flag": 1, "change_message": "[{\"added\": {}}]"}}, {"model": "admin.logentry", "pk": 145, "fields": {"action_time": "2023-04-11T19:30:11.941Z", "user": 1, "content_type": 7, "object_id": "1", "object_repr": "Knowledge Representation and Reasoning (KRR) group", "action_flag": 2, "change_message": "[{\"changed\": {\"fields\": [\"Link\"]}}]"}}, {"model": "admin.logentry", "pk": 146, "fields": {"action_time": "2023-04-11T19:32:10.170Z", "user": 1, "content_type": 7, "object_id": "2", "object_repr": "Centre for Logic, Epistemology, and the History of Science (CLE)", "action_flag": 3, "change_message": ""}}, {"model": "admin.logentry", "pk": 147, "fields": {"action_time": "2023-04-11T19:35:27.306Z", "user": 1, "content_type": 11, "object_id": "5", "object_repr": "Vrije Universiteit Amsterdam", "action_flag": 1, "change_message": "[{\"added\": {}}]"}}, {"model": "admin.logentry", "pk": 148, "fields": {"action_time": "2023-04-11T19:36:52.695Z", "user": 1, "content_type": 7, "object_id": "4", "object_repr": "The Knowledge in Artificial Intelligence (KAI)", "action_flag": 1, "change_message": "[{\"added\": {}}]"}}, {"model": "admin.logentry", "pk": 149, "fields": {"action_time": "2023-04-11T19:38:13.324Z", "user": 1, "content_type": 7, "object_id": "5", "object_repr": "The Learning & Reasoning Group", "action_flag": 1, "change_message": "[{\"added\": {}}]"}}, {"model": "admin.logentry", "pk": 150, "fields": {"action_time": "2023-04-11T19:41:01.504Z", "user": 1, "content_type": 11, "object_id": "6", "object_repr": "University of Waterloo", "action_flag": 1, "change_message": "[{\"added\": {}}]"}}, {"model": "admin.logentry", "pk": 151, "fields": {"action_time": "2023-04-11T19:41:36.614Z", "user": 1, "content_type": 10, "object_id": "60", "object_repr": "Thagard", "action_flag": 1, "change_message": "[{\"added\": {}}]"}}, {"model": "admin.logentry", "pk": 152, "fields": {"action_time": "2023-04-11T19:41:44.134Z", "user": 1, "content_type": 7, "object_id": "6", "object_repr": "Computational Epistemology Laboratory", "action_flag": 1, "change_message": "[{\"added\": {}}]"}}, {"model": "admin.logentry", "pk": 153, "fields": {"action_time": "2023-04-11T19:43:47.717Z", "user": 1, "content_type": 11, "object_id": "7", "object_repr": "University of Amsterdam", "action_flag": 1, "change_message": "[{\"added\": {}}]"}}, {"model": "admin.logentry", "pk": 154, "fields": {"action_time": "2023-04-11T19:45:30.015Z", "user": 1, "content_type": 7, "object_id": "7", "object_repr": "Institute for Logic, Language and Computation", "action_flag": 1, "change_message": "[{\"added\": {}}]"}}, {"model": "admin.logentry", "pk": 155, "fields": {"action_time": "2023-04-11T20:01:14.435Z", "user": 1, "content_type": 9, "object_id": "9", "object_repr": "Epistemology", "action_flag": 2, "change_message": "[{\"changed\": {\"fields\": [\"Research teams\"]}}]"}}, {"model": "admin.logentry", "pk": 156, "fields": {"action_time": "2023-04-11T21:56:48.568Z", "user": 1, "content_type": 10, "object_id": "60", "object_repr": "Thagard", "action_flag": 2, "change_message": "[{\"changed\": {\"fields\": [\"Slug\"]}}]"}}, {"model": "admin.logentry", "pk": 157, "fields": {"action_time": "2023-04-11T23:21:27.851Z", "user": 1, "content_type": 10, "object_id": "61", "object_repr": "McCarthy", "action_flag": 1, "change_message": "[{\"added\": {}}]"}}, {"model": "admin.logentry", "pk": 158, "fields": {"action_time": "2023-04-11T23:23:39.230Z", "user": 1, "content_type": 11, "object_id": "8", "object_repr": "Google", "action_flag": 1, "change_message": "[{\"added\": {}}]"}}, {"model": "admin.logentry", "pk": 159, "fields": {"action_time": "2023-04-11T23:26:25.627Z", "user": 1, "content_type": 7, "object_id": "8", "object_repr": "Deep Mind", "action_flag": 1, "change_message": "[{\"added\": {}}]"}}, {"model": "admin.logentry", "pk": 160, "fields": {"action_time": "2023-04-11T23:28:28.862Z", "user": 1, "content_type": 7, "object_id": "9", "object_repr": "OpenAI", "action_flag": 1, "change_message": "[{\"added\": {}}]"}}, {"model": "admin.logentry", "pk": 161, "fields": {"action_time": "2023-04-11T23:29:44.000Z", "user": 1, "content_type": 11, "object_id": "9", "object_repr": "Facebook", "action_flag": 1, "change_message": "[{\"added\": {}}]"}}, {"model": "admin.logentry", "pk": 162, "fields": {"action_time": "2023-04-11T23:29:56.373Z", "user": 1, "content_type": 7, "object_id": "10", "object_repr": "Facebook AI Research (FAIR)", "action_flag": 1, "change_message": "[{\"added\": {}}]"}}, {"model": "admin.logentry", "pk": 163, "fields": {"action_time": "2023-04-11T23:31:56.276Z", "user": 1, "content_type": 11, "object_id": "10", "object_repr": "Massachusetts Institute of Technology (MIT)", "action_flag": 1, "change_message": "[{\"added\": {}}]"}}, {"model": "admin.logentry", "pk": 164, "fields": {"action_time": "2023-04-11T23:32:03.243Z", "user": 1, "content_type": 7, "object_id": "11", "object_repr": "MIT Computer Science and Artificial Intelligene Laboratory (CSAIL)", "action_flag": 1, "change_message": "[{\"added\": {}}]"}}, {"model": "admin.logentry", "pk": 165, "fields": {"action_time": "2023-04-11T23:34:08.700Z", "user": 1, "content_type": 7, "object_id": "12", "object_repr": "Stanford Artificial Intelligence Laboratory (SAIL)", "action_flag": 1, "change_message": "[{\"added\": {}}]"}}, {"model": "admin.logentry", "pk": 166, "fields": {"action_time": "2023-04-11T23:34:26.567Z", "user": 1, "content_type": 9, "object_id": "18", "object_repr": "Artificial Intelligence", "action_flag": 1, "change_message": "[{\"added\": {}}]"}}, {"model": "admin.logentry", "pk": 167, "fields": {"action_time": "2023-04-11T23:35:45.992Z", "user": 1, "content_type": 9, "object_id": "18", "object_repr": "Artificial Intelligence", "action_flag": 2, "change_message": "[{\"changed\": {\"fields\": [\"Introduction\"]}}]"}}, {"model": "admin.logentry", "pk": 168, "fields": {"action_time": "2023-04-11T23:36:40.141Z", "user": 1, "content_type": 9, "object_id": "17", "object_repr": "Communication Science", "action_flag": 2, "change_message": "[{\"changed\": {\"fields\": [\"Title\", \"Parents\"]}}]"}}, {"model": "admin.logentry", "pk": 169, "fields": {"action_time": "2023-04-11T23:37:00.194Z", "user": 1, "content_type": 9, "object_id": "8", "object_repr": "Economics", "action_flag": 2, "change_message": "[{\"changed\": {\"fields\": [\"Parents\"]}}]"}}, {"model": "admin.logentry", "pk": 170, "fields": {"action_time": "2023-04-11T23:37:10.906Z", "user": 1, "content_type": 9, "object_id": "1", "object_repr": "Philosophy", "action_flag": 2, "change_message": "[{\"changed\": {\"fields\": [\"Parents\"]}}]"}}, {"model": "admin.logentry", "pk": 171, "fields": {"action_time": "2023-04-11T23:37:21.955Z", "user": 1, "content_type": 9, "object_id": "2", "object_repr": "Psychology", "action_flag": 2, "change_message": "[{\"changed\": {\"fields\": [\"Parents\"]}}]"}}, {"model": "admin.logentry", "pk": 172, "fields": {"action_time": "2023-04-11T23:37:32.498Z", "user": 1, "content_type": 9, "object_id": "3", "object_repr": "Sociology", "action_flag": 2, "change_message": "[{\"changed\": {\"fields\": [\"Parents\"]}}]"}}, {"model": "admin.logentry", "pk": 173, "fields": {"action_time": "2023-04-11T23:37:38.470Z", "user": 1, "content_type": 9, "object_id": "3", "object_repr": "Sociology", "action_flag": 2, "change_message": "[]"}}, {"model": "admin.logentry", "pk": 174, "fields": {"action_time": "2023-04-11T23:37:48.173Z", "user": 1, "content_type": 9, "object_id": "4", "object_repr": "Anthropology", "action_flag": 2, "change_message": "[{\"changed\": {\"fields\": [\"Parents\"]}}]"}}, {"model": "admin.logentry", "pk": 175, "fields": {"action_time": "2023-04-11T23:37:57.726Z", "user": 1, "content_type": 9, "object_id": "5", "object_repr": "Linguistics", "action_flag": 2, "change_message": "[{\"changed\": {\"fields\": [\"Parents\"]}}]"}}, {"model": "admin.logentry", "pk": 176, "fields": {"action_time": "2023-04-11T23:38:12.160Z", "user": 1, "content_type": 9, "object_id": "6", "object_repr": "Mathematics", "action_flag": 2, "change_message": "[{\"changed\": {\"fields\": [\"Parents\"]}}]"}}, {"model": "admin.logentry", "pk": 177, "fields": {"action_time": "2023-04-11T23:38:23.232Z", "user": 1, "content_type": 9, "object_id": "7", "object_repr": "Computer Science", "action_flag": 2, "change_message": "[{\"changed\": {\"fields\": [\"Parents\"]}}]"}}, {"model": "admin.logentry", "pk": 178, "fields": {"action_time": "2023-04-11T23:38:30.772Z", "user": 1, "content_type": 9, "object_id": "8", "object_repr": "Economics", "action_flag": 2, "change_message": "[]"}}, {"model": "admin.logentry", "pk": 179, "fields": {"action_time": "2023-04-11T23:38:37.335Z", "user": 1, "content_type": 9, "object_id": "9", "object_repr": "Epistemology", "action_flag": 2, "change_message": "[]"}}, {"model": "admin.logentry", "pk": 180, "fields": {"action_time": "2023-04-11T23:38:44.494Z", "user": 1, "content_type": 9, "object_id": "10", "object_repr": "Logic", "action_flag": 2, "change_message": "[]"}}, {"model": "admin.logentry", "pk": 181, "fields": {"action_time": "2023-04-11T23:39:02.665Z", "user": 1, "content_type": 9, "object_id": "11", "object_repr": "Ontology", "action_flag": 2, "change_message": "[]"}}, {"model": "auth.permission", "pk": 1, "fields": {"name": "Can add log entry", "content_type": 1, "codename": "add_logentry"}}, {"model": "auth.permission", "pk": 2, "fields": {"name": "Can change log entry", "content_type": 1, "codename": "change_logentry"}}, {"model": "auth.permission", "pk": 3, "fields": {"name": "Can delete log entry", "content_type": 1, "codename": "delete_logentry"}}, {"model": "auth.permission", "pk": 4, "fields": {"name": "Can view log entry", "content_type": 1, "codename": "view_logentry"}}, {"model": "auth.permission", "pk": 5, "fields": {"name": "Can add permission", "content_type": 2, "codename": "add_permission"}}, {"model": "auth.permission", "pk": 6, "fields": {"name": "Can change permission", "content_type": 2, "codename": "change_permission"}}, {"model": "auth.permission", "pk": 7, "fields": {"name": "Can delete permission", "content_type": 2, "codename": "delete_permission"}}, {"model": "auth.permission", "pk": 8, "fields": {"name": "Can view permission", "content_type": 2, "codename": "view_permission"}}, {"model": "auth.permission", "pk": 9, "fields": {"name": "Can add group", "content_type": 3, "codename": "add_group"}}, {"model": "auth.permission", "pk": 10, "fields": {"name": "Can change group", "content_type": 3, "codename": "change_group"}}, {"model": "auth.permission", "pk": 11, "fields": {"name": "Can delete group", "content_type": 3, "codename": "delete_group"}}, {"model": "auth.permission", "pk": 12, "fields": {"name": "Can view group", "content_type": 3, "codename": "view_group"}}, {"model": "auth.permission", "pk": 13, "fields": {"name": "Can add user", "content_type": 4, "codename": "add_user"}}, {"model": "auth.permission", "pk": 14, "fields": {"name": "Can change user", "content_type": 4, "codename": "change_user"}}, {"model": "auth.permission", "pk": 15, "fields": {"name": "Can delete user", "content_type": 4, "codename": "delete_user"}}, {"model": "auth.permission", "pk": 16, "fields": {"name": "Can view user", "content_type": 4, "codename": "view_user"}}, {"model": "auth.permission", "pk": 17, "fields": {"name": "Can add content type", "content_type": 5, "codename": "add_contenttype"}}, {"model": "auth.permission", "pk": 18, "fields": {"name": "Can change content type", "content_type": 5, "codename": "change_contenttype"}}, {"model": "auth.permission", "pk": 19, "fields": {"name": "Can delete content type", "content_type": 5, "codename": "delete_contenttype"}}, {"model": "auth.permission", "pk": 20, "fields": {"name": "Can view content type", "content_type": 5, "codename": "view_contenttype"}}, {"model": "auth.permission", "pk": 21, "fields": {"name": "Can add session", "content_type": 6, "codename": "add_session"}}, {"model": "auth.permission", "pk": 22, "fields": {"name": "Can change session", "content_type": 6, "codename": "change_session"}}, {"model": "auth.permission", "pk": 23, "fields": {"name": "Can delete session", "content_type": 6, "codename": "delete_session"}}, {"model": "auth.permission", "pk": 24, "fields": {"name": "Can view session", "content_type": 6, "codename": "view_session"}}, {"model": "auth.permission", "pk": 25, "fields": {"name": "Can add team", "content_type": 7, "codename": "add_team"}}, {"model": "auth.permission", "pk": 26, "fields": {"name": "Can change team", "content_type": 7, "codename": "change_team"}}, {"model": "auth.permission", "pk": 27, "fields": {"name": "Can delete team", "content_type": 7, "codename": "delete_team"}}, {"model": "auth.permission", "pk": 28, "fields": {"name": "Can view team", "content_type": 7, "codename": "view_team"}}, {"model": "auth.permission", "pk": 29, "fields": {"name": "Can add work", "content_type": 8, "codename": "add_work"}}, {"model": "auth.permission", "pk": 30, "fields": {"name": "Can change work", "content_type": 8, "codename": "change_work"}}, {"model": "auth.permission", "pk": 31, "fields": {"name": "Can delete work", "content_type": 8, "codename": "delete_work"}}, {"model": "auth.permission", "pk": 32, "fields": {"name": "Can view work", "content_type": 8, "codename": "view_work"}}, {"model": "auth.permission", "pk": 33, "fields": {"name": "Can add discipline", "content_type": 9, "codename": "add_discipline"}}, {"model": "auth.permission", "pk": 34, "fields": {"name": "Can change discipline", "content_type": 9, "codename": "change_discipline"}}, {"model": "auth.permission", "pk": 35, "fields": {"name": "Can delete discipline", "content_type": 9, "codename": "delete_discipline"}}, {"model": "auth.permission", "pk": 36, "fields": {"name": "Can view discipline", "content_type": 9, "codename": "view_discipline"}}, {"model": "auth.permission", "pk": 37, "fields": {"name": "Can add person", "content_type": 10, "codename": "add_person"}}, {"model": "auth.permission", "pk": 38, "fields": {"name": "Can change person", "content_type": 10, "codename": "change_person"}}, {"model": "auth.permission", "pk": 39, "fields": {"name": "Can delete person", "content_type": 10, "codename": "delete_person"}}, {"model": "auth.permission", "pk": 40, "fields": {"name": "Can view person", "content_type": 10, "codename": "view_person"}}, {"model": "auth.permission", "pk": 41, "fields": {"name": "Can add institute", "content_type": 11, "codename": "add_institute"}}, {"model": "auth.permission", "pk": 42, "fields": {"name": "Can change institute", "content_type": 11, "codename": "change_institute"}}, {"model": "auth.permission", "pk": 43, "fields": {"name": "Can delete institute", "content_type": 11, "codename": "delete_institute"}}, {"model": "auth.permission", "pk": 44, "fields": {"name": "Can view institute", "content_type": 11, "codename": "view_institute"}}, {"model": "auth.permission", "pk": 45, "fields": {"name": "Can add news", "content_type": 12, "codename": "add_news"}}, {"model": "auth.permission", "pk": 46, "fields": {"name": "Can change news", "content_type": 12, "codename": "change_news"}}, {"model": "auth.permission", "pk": 47, "fields": {"name": "Can delete news", "content_type": 12, "codename": "delete_news"}}, {"model": "auth.permission", "pk": 48, "fields": {"name": "Can view news", "content_type": 12, "codename": "view_news"}}, {"model": "auth.permission", "pk": 49, "fields": {"name": "Can add ed source", "content_type": 13, "codename": "add_edsource"}}, {"model": "auth.permission", "pk": 50, "fields": {"name": "Can change ed source", "content_type": 13, "codename": "change_edsource"}}, {"model": "auth.permission", "pk": 51, "fields": {"name": "Can delete ed source", "content_type": 13, "codename": "delete_edsource"}}, {"model": "auth.permission", "pk": 52, "fields": {"name": "Can view ed source", "content_type": 13, "codename": "view_edsource"}}, {"model": "auth.permission", "pk": 53, "fields": {"name": "Can add comment", "content_type": 14, "codename": "add_comment"}}, {"model": "auth.permission", "pk": 54, "fields": {"name": "Can change comment", "content_type": 14, "codename": "change_comment"}}, {"model": "auth.permission", "pk": 55, "fields": {"name": "Can delete comment", "content_type": 14, "codename": "delete_comment"}}, {"model": "auth.permission", "pk": 56, "fields": {"name": "Can view comment", "content_type": 14, "codename": "view_comment"}}, {"model": "auth.user", "pk": 1, "fields": {"password": "pbkdf2_sha256$600000$WwMoE8xiOZ0NllfMss6knt$RcuLi6OZvNmKoIwHZqpWoEKc5prv+ytU5WtLq84/wEY=", "last_login": "2023-04-11T09:59:31.321Z", "is_superuser": true, "username": "tolgahankuisk", "first_name": "", "last_name": "", "email": "tolgahantoyboun@gmail.com", "is_staff": true, "is_active": true, "date_joined": "2023-04-10T20:34:35.343Z", "groups": [], "user_permissions": []}}, {"model": "contenttypes.contenttype", "pk": 1, "fields": {"app_label": "admin", "model": "logentry"}}, {"model": "contenttypes.contenttype", "pk": 2, "fields": {"app_label": "auth", "model": "permission"}}, {"model": "contenttypes.contenttype", "pk": 3, "fields": {"app_label": "auth", "model": "group"}}, {"model": "contenttypes.contenttype", "pk": 4, "fields": {"app_label": "auth", "model": "user"}}, {"model": "contenttypes.contenttype", "pk": 5, "fields": {"app_label": "contenttypes", "model": "contenttype"}}, {"model": "contenttypes.contenttype", "pk": 6, "fields": {"app_label": "sessions", "model": "session"}}, {"model": "contenttypes.contenttype", "pk": 7, "fields": {"app_label": "discipline", "model": "team"}}, {"model": "contenttypes.contenttype", "pk": 8, "fields": {"app_label": "discipline", "model": "work"}}, {"model": "contenttypes.contenttype", "pk": 9, "fields": {"app_label": "discipline", "model": "discipline"}}, {"model": "contenttypes.contenttype", "pk": 10, "fields": {"app_label": "discipline", "model": "person"}}, {"model": "contenttypes.contenttype", "pk": 11, "fields": {"app_label": "discipline", "model": "institute"}}, {"model": "contenttypes.contenttype", "pk": 12, "fields": {"app_label": "discipline", "model": "news"}}, {"model": "contenttypes.contenttype", "pk": 13, "fields": {"app_label": "discipline", "model": "edsource"}}, {"model": "contenttypes.contenttype", "pk": 14, "fields": {"app_label": "comments", "model": "comment"}}, {"model": "sessions.session", "pk": "2f8snu54yleb3oi671bdqzszioio2j4o", "fields": {"session_data": ".eJxVjEEOwiAQRe_C2hBKYQCX7j0DGYZBqoYmpV0Z765NutDtf-_9l4i4rTVunZc4ZXEWgzj9bgnpwW0H-Y7tNkua27pMSe6KPGiX1znz83K4fwcVe_3WrAExW3QueVaeRy5kbAgwcEantLNgRnBsCVIGT0QesHhyJihjdRHvD_bVOCE:1pmAmh:fILbJs1GMS5AvcytBTID0eGxEsmSB21sxpEmQEe06ek", "expire_date": "2023-04-25T09:59:31.327Z"}}, {"model": "discipline.institute", "pk": 1, "fields": {"name": "Stanford University", "link": "https://www.stanford.edu/"}}, {"model": "discipline.institute", "pk": 2, "fields": {"name": "University of Campinas", "link": ""}}, {"model": "discipline.institute", "pk": 3, "fields": {"name": "University of Lisbon", "link": ""}}, {"model": "discipline.institute", "pk": 4, "fields": {"name": "University of Mannheim", "link": ""}}, {"model": "discipline.institute", "pk": 5, "fields": {"name": "Vrije Universiteit Amsterdam", "link": "https://vu.nl/en/"}}, {"model": "discipline.institute", "pk": 6, "fields": {"name": "University of Waterloo", "link": "https://uwaterloo.ca/"}}, {"model": "discipline.institute", "pk": 7, "fields": {"name": "University of Amsterdam", "link": "https://www.uva.nl/"}}, {"model": "discipline.institute", "pk": 8, "fields": {"name": "Google", "link": "http://google.com"}}, {"model": "discipline.institute", "pk": 9, "fields": {"name": "Facebook", "link": "http://www.facebook.com"}}, {"model": "discipline.institute", "pk": 10, "fields": {"name": "Massachusetts Institute of Technology (MIT)", "link": "https://www.mit.edu/"}}, {"model": "discipline.person", "pk": 1, "fields": {"first_name": "Claude", "last_name": "Shannon", "bio": "", "institute": []}}, {"model": "discipline.person", "pk": 2, "fields": {"first_name": "Marshall", "last_name": "McLuhan", "bio": "", "institute": []}}, {"model": "discipline.person", "pk": 3, "fields": {"first_name": "Norbert", "last_name": "Wiener", "bio": "", "institute": []}}, {"model": "discipline.person", "pk": 4, "fields": {"first_name": "Alfred", "last_name": "Tarski", "bio": "", "institute": []}}, {"model": "discipline.person", "pk": 5, "fields": {"first_name": "Dana", "last_name": "Scott", "bio": "", "institute": []}}, {"model": "discipline.person", "pk": 6, "fields": {"first_name": "Michael", "last_name": "Morley", "bio": "", "institute": []}}, {"model": "discipline.person", "pk": 7, "fields": {"first_name": "Saunders", "last_name": "Mac Lane", "bio": "", "institute": []}}, {"model": "discipline.person", "pk": 8, "fields": {"first_name": "Samuel", "last_name": "Eilenberg", "bio": "", "institute": []}}, {"model": "discipline.person", "pk": 9, "fields": {"first_name": "Eugenia", "last_name": "Cheng", "bio": "", "institute": []}}, {"model": "discipline.person", "pk": 10, "fields": {"first_name": "Arthur", "last_name": "Danto", "bio": "", "institute": []}}, {"model": "discipline.person", "pk": 11, "fields": {"first_name": "Nelson", "last_name": "Goodman", "bio": "", "institute": []}}, {"model": "discipline.person", "pk": 12, "fields": {"first_name": "Noël", "last_name": "Caroll", "bio": "", "institute": []}}, {"model": "discipline.person", "pk": 13, "fields": {"first_name": "Immanuel", "last_name": "Kant", "bio": "", "institute": []}}, {"model": "discipline.person", "pk": 14, "fields": {"first_name": "Edmund", "last_name": "Burke", "bio": "", "institute": []}}, {"model": "discipline.person", "pk": 15, "fields": {"first_name": "George", "last_name": "Dickie", "bio": "", "institute": []}}, {"model": "discipline.person", "pk": 16, "fields": {"first_name": "Williard van Orman", "last_name": "Quine", "bio": "", "institute": []}}, {"model": "discipline.person", "pk": 17, "fields": {"first_name": "Rudolf", "last_name": "Carnap", "bio": "", "institute": []}}, {"model": "discipline.person", "pk": 18, "fields": {"first_name": "Barry", "last_name": "Smith", "bio": "", "institute": []}}, {"model": "discipline.person", "pk": 19, "fields": {"first_name": "Kurt", "last_name": "Gödel", "bio": "", "institute": []}}, {"model": "discipline.person", "pk": 20, "fields": {"first_name": "Alan", "last_name": "Turing", "bio": "", "institute": []}}, {"model": "discipline.person", "pk": 21, "fields": {"first_name": "Alonzo", "last_name": "Church", "bio": "", "institute": []}}, {"model": "discipline.person", "pk": 22, "fields": {"first_name": "Karl", "last_name": "Popper", "bio": "", "institute": []}}, {"model": "discipline.person", "pk": 23, "fields": {"first_name": "Thomas", "last_name": "Kuhn", "bio": "", "institute": []}}, {"model": "discipline.person", "pk": 24, "fields": {"first_name": "Edmund", "last_name": "Gettier", "bio": "", "institute": []}}, {"model": "discipline.person", "pk": 25, "fields": {"first_name": "John", "last_name": "von Neumann", "bio": "", "institute": []}}, {"model": "discipline.person", "pk": 26, "fields": {"first_name": "Herbert A.", "last_name": "Simon", "bio": "", "institute": []}}, {"model": "discipline.person", "pk": 27, "fields": {"first_name": "Alvin E.", "last_name": "Roth", "bio": "", "institute": []}}, {"model": "discipline.person", "pk": 28, "fields": {"first_name": "Marvin", "last_name": "Minsky", "bio": "", "institute": []}}, {"model": "discipline.person", "pk": 29, "fields": {"first_name": "Geoffrey", "last_name": "Hinton", "bio": "", "institute": []}}, {"model": "discipline.person", "pk": 30, "fields": {"first_name": "Andrey", "last_name": "Kolmogorov", "bio": "", "institute": []}}, {"model": "discipline.person", "pk": 31, "fields": {"first_name": "David", "last_name": "Hilbert", "bio": "", "institute": []}}, {"model": "discipline.person", "pk": 32, "fields": {"first_name": "John", "last_name": "Nash", "bio": "", "institute": []}}, {"model": "discipline.person", "pk": 33, "fields": {"first_name": "Noam", "last_name": "Chomsky", "bio": "", "institute": []}}, {"model": "discipline.person", "pk": 34, "fields": {"first_name": "John Rupert", "last_name": "Firth", "bio": "", "institute": []}}, {"model": "discipline.person", "pk": 35, "fields": {"first_name": "Ray", "last_name": "Jackendoff", "bio": "", "institute": []}}, {"model": "discipline.person", "pk": 36, "fields": {"first_name": "Clifford", "last_name": "Geertz", "bio": "", "institute": []}}, {"model": "discipline.person", "pk": 37, "fields": {"first_name": "Lucy", "last_name": "Suchman", "bio": "", "institute": []}}, {"model": "discipline.person", "pk": 38, "fields": {"first_name": "Genevieve", "last_name": "Bell", "bio": "", "institute": []}}, {"model": "discipline.person", "pk": 39, "fields": {"first_name": "Erving", "last_name": "Goffman", "bio": "", "institute": []}}, {"model": "discipline.person", "pk": 40, "fields": {"first_name": "Bruno", "last_name": "Latour", "bio": "", "institute": []}}, {"model": "discipline.person", "pk": 41, "fields": {"first_name": "Nancy Katherine", "last_name": "Hayles", "bio": "", "institute": []}}, {"model": "discipline.person", "pk": 42, "fields": {"first_name": "Burrhus Frederic", "last_name": "Skinner", "bio": "", "institute": []}}, {"model": "discipline.person", "pk": 43, "fields": {"first_name": "Jean", "last_name": "Piaget", "bio": "", "institute": []}}, {"model": "discipline.person", "pk": 44, "fields": {"first_name": "Elizabeth", "last_name": "Loftus", "bio": "", "institute": []}}, {"model": "discipline.person", "pk": 45, "fields": {"first_name": "John", "last_name": "Searle", "bio": "", "institute": []}}, {"model": "discipline.person", "pk": 46, "fields": {"first_name": "Daniel", "last_name": "Dennett", "bio": "", "institute": []}}, {"model": "discipline.person", "pk": 47, "fields": {"first_name": "Hubert", "last_name": "Dreyfus", "bio": "", "institute": []}}, {"model": "discipline.person", "pk": 48, "fields": {"first_name": "Harold", "last_name": "Cohen", "bio": "", "institute": []}}, {"model": "discipline.person", "pk": 49, "fields": {"first_name": "Harold", "last_name": "Cohen", "bio": "", "institute": []}}, {"model": "discipline.person", "pk": 50, "fields": {"first_name": "Golan", "last_name": "Levin", "bio": "", "institute": []}}, {"model": "discipline.person", "pk": 51, "fields": {"first_name": "Sougwen", "last_name": "Chung", "bio": "", "institute": []}}, {"model": "discipline.person", "pk": 52, "fields": {"first_name": "Yann", "last_name": "LeCun", "bio": "", "institute": []}}, {"model": "discipline.person", "pk": 53, "fields": {"first_name": "Yoshua", "last_name": "Bengio", "bio": "", "institute": []}}, {"model": "discipline.person", "pk": 54, "fields": {"first_name": "Tom", "last_name": "Mitchell", "bio": "", "institute": []}}, {"model": "discipline.person", "pk": 55, "fields": {"first_name": "Judea", "last_name": "Pearl", "bio": "", "institute": []}}, {"model": "discipline.person", "pk": 56, "fields": {"first_name": "Andrew", "last_name": "Ng", "bio": "", "institute": []}}, {"model": "discipline.person", "pk": 57, "fields": {"first_name": "Stephen", "last_name": "Wolfram", "bio": "", "institute": []}}, {"model": "discipline.person", "pk": 58, "fields": {"first_name": "John", "last_name": "Backus", "bio": "", "institute": []}}, {"model": "discipline.person", "pk": 59, "fields": {"first_name": "Michael O.", "last_name": "Rabin", "bio": "", "institute": []}}, {"model": "discipline.person", "pk": 60, "fields": {"first_name": "Paul", "last_name": "Thagard", "bio": "", "institute": [6]}}, {"model": "discipline.person", "pk": 61, "fields": {"first_name": "John", "last_name": "McCarthy", "bio": "", "institute": []}}, {"model": "discipline.team", "pk": 1, "fields": {"name": "Knowledge Representation and Reasoning (KRR) group", "introduction": "This group focuses on the representation of knowledge and the development of reasoning techniques for AI systems. Their research includes topics such as logical foundations, ontologies, and probabilistic reasoning.", "link": "https://krr.cs.vu.nl/", "members": [], "works": [], "institute": []}}, {"model": "discipline.team", "pk": 3, "fields": {"name": "Center for Human-Compatible AI (CHAI)", "introduction": "CHAI's mission is to develop AI systems that are provably beneficial to humans. Their research includes topics like value alignment, robustness, and interpretability, which are related to epistemology in the context of AI.", "link": "https://humancompatible.ai/", "members": [], "works": [], "institute": []}}, {"model": "discipline.team", "pk": 4, "fields": {"name": "The Knowledge in Artificial Intelligence (KAI)", "introduction": "", "link": "https://kai.cs.vu.nl/", "members": [], "works": [], "institute": [5]}}, {"model": "discipline.team", "pk": 5, "fields": {"name": "The Learning & Reasoning Group", "introduction": "The Learning & Reasoning group studies the ways machine learning, symbolic knowledge and formal reasoning can interact to enhance one another. We believe that inductive data-driven learning and deductive knowledge-based reasoning have complementary strengths and weaknesses.", "link": "https://lr.cs.vu.nl/", "members": [], "works": [], "institute": [5]}}, {"model": "discipline.team", "pk": 6, "fields": {"name": "Computational Epistemology Laboratory", "introduction": "", "link": "http://cogsci.uwaterloo.ca/", "members": [60], "works": [], "institute": [6]}}, {"model": "discipline.team", "pk": 7, "fields": {"name": "Institute for Logic, Language and Computation", "introduction": "", "link": "https://www.illc.uva.nl/", "members": [], "works": [], "institute": [7]}}, {"model": "discipline.team", "pk": 8, "fields": {"name": "Deep Mind", "introduction": "", "link": "https://www.deepmind.com/", "members": [], "works": [], "institute": [8]}}, {"model": "discipline.team", "pk": 9, "fields": {"name": "OpenAI", "introduction": "A research organization dedicated to advancing AI and ensuring that its benefits are distributed broadly. They have made significant contributions to the development of AI models, such as GPT-4, and AI safety research.", "link": "https://openai.com/", "members": [], "works": [], "institute": []}}, {"model": "discipline.team", "pk": 10, "fields": {"name": "Facebook AI Research (FAIR)", "introduction": "FAIR is a research group that focuses on advancing AI through both fundamental research and applied projects. Their work spans a wide range of AI areas, including natural language processing, computer vision, and reinforcement learning.", "link": "https://ai.facebook.com/", "members": [], "works": [], "institute": [9]}}, {"model": "discipline.team", "pk": 11, "fields": {"name": "MIT Computer Science and Artificial Intelligene Laboratory (CSAIL)", "introduction": "CSAIL is a renowned research institution that has made significant contributions to AI, robotics, and computer science. Their work spans numerous areas of AI research, such as machine learning, natural language processing, and computer vision.", "link": "https://www.csail.mit.edu/", "members": [], "works": [], "institute": [10]}}, {"model": "discipline.team", "pk": 12, "fields": {"name": "Stanford Artificial Intelligence Laboratory (SAIL)", "introduction": "SAIL is a leading research institution that focuses on the development of AI techniques and applications. Their research spans a wide range of AI areas, including robotics, natural language processing, and machine learning.", "link": "https://ai.stanford.edu/", "members": [], "works": [], "institute": [1]}}, {"model": "discipline.discipline", "pk": 1, "fields": {"title": "Philosophy", "slug": "philosophy", "introduction": "<h1>Philosophy and its Contributions to Artificial Intelligence</h1>\r\n\r\n<p>Philosophy, as a discipline, is dedicated to the study of fundamental questions about existence, knowledge, values, reason, and the nature of the mind. It has played a significant role in the development of artificial intelligence (AI), as many of the core ideas and principles underlying AI are rooted in philosophical theories and thought experiments. From the study of logic and reasoning to the examination of consciousness and the nature of intelligence, philosophy has provided valuable insights and frameworks for understanding and advancing AI.</p>\r\n<h2>1. Logic and Reasoning:</h2>\r\n<p>One of the major contributions of philosophy to AI is the development of formal logic and the study of reasoning processes. Philosophers such as Aristotle and Gottlob Frege laid the foundations for understanding valid reasoning and the structure of arguments, which has had a lasting impact on the field of AI. Formal logic provides a rigorous framework for representing and manipulating knowledge, enabling the creation of AI systems that can reason, learn, and make decisions based on given information.</p>\r\n<h2>2. The Nature of Intelligence:</h2>\r\n<p>Philosophy has long been concerned with understanding the nature of intelligence and the mechanisms underlying intelligent behavior. The philosophical exploration of human cognition, learning, and problem-solving has informed the development of AI systems that attempt to replicate or simulate these abilities. The Turing Test, proposed by Alan Turing, is a well-known example of a philosophical thought experiment that has shaped the way we think about and evaluate the capabilities of AI systems.</p>\r\n<h2>3. Ethics and AI:</h2>\r\n<p>As AI systems become more advanced and integrated into various aspects of society, ethical considerations become increasingly important. Philosophy provides valuable insights and frameworks for understanding the ethical implications of AI, such as issues related to privacy, fairness, and accountability. By engaging with ethical questions, researchers in AI can develop systems that are not only intelligent but also responsible and aligned with human values.</p>\r\n<h2>4. Consciousness and AI:</h2>\r\n<p>The question of consciousness and its relationship to artificial intelligence is a longstanding topic of philosophical inquiry. Discussions surrounding the nature of consciousness, the possibility of machine consciousness, and the implications of creating conscious AI systems have informed the way researchers approach and understand the development of AI. Engaging with these philosophical questions can help guide the future direction of AI research and ensure a more comprehensive understanding of intelligence and cognition.</p>\r\n<h2>5. Applications and Future Directions:</h2>\r\n<p>As AI research continues to evolve, philosophy remains an essential tool for exploring the fundamental questions that underpin the field. By examining the nature of intelligence, the structure of reasoning, the ethics of AI, and the question of consciousness, philosophy provides a solid foundation for understanding and advancing the development of AI systems. As we continue to push the boundaries of artificial intelligence, the insights and perspectives offered by philosophy will remain invaluable for shaping the future of the field and our understanding of both artificial and natural intelligence.</p>", "key_figures": [45, 46, 47], "parents": [18], "works": [], "research_teams": [], "news": [], "sources": []}}, {"model": "discipline.discipline", "pk": 2, "fields": {"title": "Psychology", "slug": "psychology", "introduction": "<h1>Psychology and its Contributions to Artificial Intelligence</h1>\r\n\r\n<p>Psychology is the scientific study of the mind and behavior, seeking to understand the underlying processes that drive human thought, emotion, and action. It has played a crucial role in the development of artificial intelligence (AI) by providing insights into human cognition, perception, and learning. By examining and simulating the principles and mechanisms of the human mind, researchers in AI have been able to develop more effective, adaptive, and human-like systems.</p>\r\n<h2>1. Cognitive Psychology and AI:</h2>\r\n<p>Cognitive psychology, a subfield of psychology focused on the study of mental processes, has been particularly influential in AI research. By investigating how humans process information, solve problems, make decisions, and learn, cognitive psychologists have provided valuable insights that have informed the development of AI systems. Examples include the creation of cognitive architectures that model human-like problem-solving and learning strategies, as well as the application of cognitive principles to AI algorithms and design.</p>\r\n<h2>2. Human Perception and AI:</h2>\r\n<p>Another important contribution of psychology to AI is the understanding of human perception, which encompasses the processing and interpretation of sensory information. By studying the mechanisms through which humans perceive and make sense of their environment, researchers have been able to develop AI systems capable of processing and interpreting complex data, such as images and speech. This has led to advancements in areas such as computer vision, natural language processing, and speech recognition.</p>\r\n<h2>3. Human-Computer Interaction and AI:</h2>\r\n<p>Psychology also plays a key role in the field of human-computer interaction (HCI), which focuses on the design and evaluation of user interfaces for AI systems. By applying psychological principles and theories of human behavior, researchers can create AI systems that are more intuitive, user-friendly, and effective. This includes developing conversational agents that can engage in natural, human-like dialogue or designing interfaces that adapt to individual user preferences and needs.</p>\r\n<h2>4. Emotion and AI:</h2>\r\n<p>Emotional processes are an essential aspect of human experience, and their understanding has led to the development of AI systems capable of recognizing and simulating emotions. This area, known as affective computing, has been informed by psychological research on emotion recognition, regulation, and expression. Affective computing enables the creation of AI systems that can interact with humans in more empathetic and engaging ways, improving user experiences and fostering more natural human-AI interactions.</p>\r\n<h2>5. Applications and Future Directions:</h2>\r\n<p>As AI research continues to progress, the insights provided by psychology will remain invaluable for understanding and simulating human cognition, perception, and emotion. By integrating psychological principles and theories into AI systems, researchers can develop more effective, adaptive, and human-like technologies. In the future, we can expect to see even greater collaboration between psychology and AI, leading to advancements in areas such as personalized learning, mental health interventions, and human-AI teamwork.</p>", "key_figures": [42, 43, 44], "parents": [18], "works": [], "research_teams": [], "news": [], "sources": []}}, {"model": "discipline.discipline", "pk": 3, "fields": {"title": "Sociology", "slug": "sociology", "introduction": "<h1>Sociology and its Contributions to Artificial Intelligence</h1>\r\n\r\n<p>Sociology is the scientific study of human society, focusing on the relationships, structures, and institutions that shape social behavior. It offers valuable insights into the social dimensions of artificial intelligence (AI), as AI systems increasingly become an integral part of our daily lives. By examining the societal implications of AI, researchers can develop technologies that are more responsible, inclusive, and aligned with human values, fostering a better understanding of the complex interplay between AI and society.</p>\r\n<h2>1. Social Implications of AI:</h2>\r\n<p>One of the primary contributions of sociology to AI is the examination of the social implications of AI technologies. Sociologists investigate the ways in which AI systems impact individuals, communities, and society as a whole, addressing issues such as privacy, surveillance, and the digital divide. This research helps inform the development of AI systems that are more sensitive to social concerns and promotes the responsible integration of AI into various aspects of our lives.</p>\r\n<h2>2. Inequality and Bias in AI:</h2>\r\n<p>AI systems are often trained on data that reflects existing social structures and biases, which can lead to the perpetuation and amplification of inequalities. Sociologists provide valuable insights into the ways in which AI systems can inadvertently reproduce or exacerbate social disparities, such as those related to race, gender, and socioeconomic status. By examining these issues, researchers can work to develop more equitable AI systems that promote fairness and inclusivity.</p>\r\n<h2>3. AI and the Future of Work:</h2>\r\n<p>The integration of AI into the workplace has raised significant sociological questions about the future of work, including the potential displacement of human workers, the changing nature of jobs, and the implications for labor markets. Sociologists study these issues, providing insights into how AI can be harnessed to improve productivity and efficiency while minimizing negative impacts on workers and society. This research informs the development of AI systems that can coexist with and augment human labor rather than replace it.</p>\r\n<h2>4. AI and Social Interaction:</h2>\r\n<p>As AI systems become increasingly integrated into our social lives, sociologists examine how these technologies influence human social interactions and relationships. For example, researchers investigate the ways in which AI systems can mediate or facilitate communication, collaboration, and social cohesion. This understanding can inform the design of AI systems that support and enhance human connections, rather than undermine or replace them.</p>\r\n<h2>5. Applications and Future Directions:</h2>\r\n<p>As AI research continues to advance, the insights provided by sociology will remain essential for understanding the complex relationships between AI systems and society. By examining the social implications of AI, researchers can develop technologies that are more responsible, equitable, and aligned with human values. In the future, we can expect to see increased collaboration between sociology and AI, leading to new interdisciplinary approaches and innovations that address the pressing social challenges posed by AI.</p>", "key_figures": [39, 40, 41], "parents": [18], "works": [], "research_teams": [], "news": [], "sources": []}}, {"model": "discipline.discipline", "pk": 4, "fields": {"title": "Anthropology", "slug": "anthropology", "introduction": "<h1>Anthropology and its Contributions to Artificial Intelligence</h1>\r\n\r\n<p>Anthropology is the study of human societies and cultures, exploring the diversity of human experiences across time and space. It offers a unique perspective on the development and impact of artificial intelligence (AI) by examining the cultural, historical, and social contexts in which AI technologies are created and deployed. By incorporating anthropological insights, researchers can develop AI systems that are more sensitive to cultural variations, better understand the ways in which AI interacts with human societies, and ensure the responsible and ethical development of AI technologies.</p>\r\n<h2>1. Cultural Sensitivity in AI:</h2>\r\n<p>One of the key contributions of anthropology to AI is the emphasis on cultural sensitivity and the understanding of cultural diversity. Anthropologists investigate the ways in which AI systems can be designed to account for cultural variations in areas such as language, social norms, and values. This research can inform the development of AI systems that are more adaptable and inclusive, catering to the diverse needs and preferences of users around the world.</p>\r\n<h2>2. AI and the Social Context:</h2>\r\n<p>Anthropologists recognize the importance of considering the social context in which AI technologies are developed and deployed. By examining the social, political, and economic factors that shape the creation and use of AI systems, anthropologists can offer valuable insights into the ways in which AI can both reflect and influence societal structures. This understanding can help guide the development of AI systems that are more responsive to the needs and concerns of different communities and stakeholders.</p>\r\n<h2>3. Ethnographic Approaches to AI:</h2>\r\n<p>Anthropological research methods, such as ethnography, offer valuable tools for understanding the impact of AI on human societies. Ethnographic approaches involve the direct observation and study of people's interactions with AI systems in their natural settings, providing rich, contextualized insights into the ways in which AI technologies are experienced and understood by users. These findings can inform the design of AI systems that are more user-friendly, effective, and attuned to the needs and expectations of diverse populations.</p>\r\n<h2>4. AI and Human Values:</h2>\r\n<p>Anthropology emphasizes the importance of understanding human values and the ways in which they shape technology. By exploring the complex interplay between AI systems and human values, anthropologists can provide valuable insights into the ethical considerations and potential consequences of AI technologies. This research can help guide the responsible and ethical development of AI systems that are aligned with the values and interests of the communities they serve.</p>\r\n<h2>5. Applications and Future Directions:</h2>\r\n<p>As AI research continues to progress, the insights provided by anthropology will remain essential for understanding the complex relationships between AI technologies and human societies. By examining the cultural, historical, and social contexts of AI, researchers can develop technologies that are more inclusive, responsive, and ethical. In the future, we can expect to see increased collaboration between anthropology and AI, leading to new interdisciplinary approaches and innovations that address the pressing social and cultural challenges posed by AI.</p>", "key_figures": [36, 37, 38], "parents": [18], "works": [], "research_teams": [], "news": [], "sources": []}}, {"model": "discipline.discipline", "pk": 5, "fields": {"title": "Linguistics", "slug": "linguistics", "introduction": "<h1>Linguistics and its Contributions to Artificial Intelligence</h1>\r\n\r\n<p>Linguistics is the scientific study of language, encompassing its structure, sounds, meaning, and use across human societies. It plays a crucial role in the development of artificial intelligence (AI), particularly in the area of natural language processing (NLP), which focuses on enabling AI systems to understand, interpret, and generate human language. By applying linguistic insights and theories to AI, researchers can develop more advanced and human-like language capabilities in AI systems, improving their ability to interact with and understand humans.</p>\r\n<h2>1. Syntax and Grammar in AI:</h2>\r\n<p>One of the key contributions of linguistics to AI is the study of syntax and grammar, which deals with the rules governing the structure and arrangement of words in sentences. By incorporating linguistic theories and models of syntax, researchers have been able to develop AI systems that can parse and generate grammatically correct sentences, allowing for more accurate and efficient processing of natural language data.</p>\r\n<h2>2. Semantics and AI:</h2>\r\n<p>Semantics, the study of meaning in language, is another essential aspect of linguistics that has significantly influenced AI research. Understanding how meaning is encoded in words, phrases, and sentences is crucial for the development of AI systems that can interpret and reason about natural language. Linguistic theories and models of semantics have informed the development of various AI techniques for representing and manipulating meaning, such as knowledge graphs and semantic parsing.</p>\r\n<h2>3. Pragmatics and AI:</h2>\r\n<p>Pragmatics, the study of how context influences the interpretation of language, is another important area of linguistics that has informed AI research. AI systems need to be able to interpret language in context in order to fully understand and respond to human communication. By incorporating insights from pragmatics, researchers can develop AI systems that are better equipped to handle the subtleties and nuances of natural language, such as recognizing implicature, sarcasm, and indirect speech acts.</p>\r\n<h2>4. Phonetics and Speech Recognition:</h2>\r\n<p>Phonetics, the study of the sounds of human speech, has played a significant role in the development of AI systems for speech recognition. By understanding the acoustic and articulatory properties of speech sounds, researchers have been able to create AI systems that can more accurately transcribe and interpret spoken language. This has led to advancements in areas such as voice assistants, transcription services, and automatic translation.</p>\r\n<h2>5. Applications and Future Directions:</h2>\r\n<p>As AI research continues to advance, the insights provided by linguistics will remain essential for the development of AI systems with sophisticated language capabilities. By incorporating linguistic theories and models into AI, researchers can improve the ability of AI systems to understand, interpret, and generate human language, leading to more effective and natural human-AI interactions. In the future, we can expect to see continued collaboration between linguistics and AI, resulting in new innovations and breakthroughs in areas such as conversational agents, language understanding, and multilingual AI systems.</p>", "key_figures": [33, 34, 35], "parents": [18], "works": [], "research_teams": [], "news": [], "sources": []}}, {"model": "discipline.discipline", "pk": 6, "fields": {"title": "Mathematics", "slug": "mathematics", "introduction": "<h1>Mathematics and its Contributions to Artificial Intelligence</h1>\r\n\r\n<p>Mathematics is the foundation upon which artificial intelligence (AI) is built. As the study of quantity, structure, space, and change, mathematics provides the essential tools and techniques for designing, analyzing, and optimizing AI algorithms and models. By applying mathematical concepts and methods, researchers can develop more effective, efficient, and robust AI systems, advancing the field and enabling a wide range of practical applications.</p>\r\n<h2>1. Probability and Statistics in AI:</h2>\r\n<p>Probability and statistics are fundamental to the development of AI, particularly in the field of machine learning. These mathematical disciplines provide the basis for modeling uncertainty, making inferences from data, and evaluating the performance of AI algorithms. Techniques such as Bayesian inference, hypothesis testing, and regression analysis are widely used in AI to develop predictive models, analyze data, and make decisions under uncertainty.</p>\r\n<h2>2. Linear Algebra and AI:</h2>\r\n<p>Linear algebra, the study of vector spaces and linear transformations, is another essential area of mathematics that underlies many AI algorithms and techniques. Concepts such as matrices, vectors, and eigenvalues play a central role in the design and implementation of AI systems, particularly in areas such as computer vision, natural language processing, and deep learning. Linear algebra provides the tools for efficient computation and manipulation of large-scale data, enabling the development of sophisticated AI models.</p>\r\n<h2>3. Optimization and AI:</h2>\r\n<p>Optimization, the study of finding the best solution to a problem given certain constraints, is a crucial aspect of mathematics that has significant applications in AI. Many AI problems, such as training machine learning models, can be framed as optimization problems, where the goal is to minimize a loss function or maximize a performance metric. Mathematical techniques such as gradient descent, convex optimization, and evolutionary algorithms are widely used in AI to find optimal or near-optimal solutions to complex problems.</p>\r\n<h2>4. Graph Theory and AI:</h2>\r\n<p>Graph theory, the study of graphs and their properties, has numerous applications in AI. Graphs are used to represent complex relationships between entities, such as social networks, transportation networks, or the structure of the internet. AI algorithms that leverage graph theory, such as graph neural networks and graph search algorithms, can be used to analyze and make predictions about these complex systems, enabling a wide range of applications in areas such as recommendation systems, network analysis, and computational biology.</p>\r\n<h2>5. Applications and Future Directions:</h2>\r\n<p>As AI research continues to progress, the importance of mathematics will remain paramount for the development of advanced AI systems. By incorporating mathematical concepts and methods, researchers can develop more effective, efficient, and robust AI algorithms, pushing the boundaries of what AI can achieve. In the future, we can expect to see increased collaboration between mathematics and AI, leading to new breakthroughs and innovations in areas such as reinforcement learning, generative models, and explainable AI.</p>", "key_figures": [30, 31, 32], "parents": [18], "works": [], "research_teams": [], "news": [], "sources": []}}, {"model": "discipline.discipline", "pk": 7, "fields": {"title": "Computer Science", "slug": "computer-science", "introduction": "<h1>Computer Science and its Contributions to Artificial Intelligence</h1>\r\n\r\n<p>Computer science is the driving force behind the development and advancement of artificial intelligence (AI). As the study of algorithmic processes, computational machines, and their applications, computer science provides the essential tools, techniques, and methodologies for designing, implementing, and analyzing AI systems. By applying computer science principles, researchers can develop increasingly sophisticated AI algorithms and models, pushing the boundaries of what machines can achieve and enabling a wide range of practical applications.</p>\r\n<h2>1. Algorithms and Data Structures in AI:</h2>\r\n<p>Algorithms and data structures are fundamental building blocks of AI systems. Efficient algorithms and appropriate data structures are crucial for solving complex AI problems, such as search, planning, and optimization. Computer scientists develop and analyze algorithms and data structures to ensure that AI systems can process and manipulate vast amounts of data effectively, leading to more accurate and efficient AI solutions.</p>\r\n<h2>2. Machine Learning and AI:</h2>\r\n<p>Machine learning, a subfield of computer science, is at the core of modern AI research. It focuses on the development of algorithms that enable machines to learn from data, identify patterns, and make predictions or decisions. Techniques such as supervised learning, unsupervised learning, and reinforcement learning have driven major advancements in AI, enabling applications such as image recognition, natural language processing, and game playing.</p>\r\n<h2>3. Computer Vision and AI:</h2>\r\n<p>Computer vision, another subfield of computer science, is concerned with enabling machines to interpret and understand visual information from the world. By developing algorithms and techniques for processing, analyzing, and understanding images and videos, computer vision researchers have contributed to significant advancements in AI, enabling applications such as object recognition, facial recognition, and autonomous vehicles.</p>\r\n<h2>4. Natural Language Processing and AI:</h2>\r\n<p>Natural language processing (NLP), a subfield of computer science that intersects with linguistics, focuses on enabling AI systems to understand, interpret, and generate human language. By developing algorithms and techniques for processing and analyzing text and speech data, NLP researchers have contributed to the development of AI systems capable of tasks such as language translation, sentiment analysis, and conversational agents.</p>\r\n<h2>5. Applications and Future Directions:</h2>\r\n<p>As AI research continues to advance, computer science will remain the driving force behind the development and evolution of AI systems. By applying computer science principles and techniques, researchers can develop increasingly sophisticated AI algorithms and models, enabling a wide range of practical applications and pushing the boundaries of what machines can achieve. In the future, we can expect to see continued collaboration between computer science and AI, leading to new breakthroughs and innovations in areas such as explainable AI, human-AI interaction, and the integration of AI into everyday life.</p>", "key_figures": [20, 28, 29], "parents": [18], "works": [], "research_teams": [], "news": [], "sources": []}}, {"model": "discipline.discipline", "pk": 8, "fields": {"title": "Economics", "slug": "economics", "introduction": "<h1>Economics and its Contributions to Artificial Intelligence</h1>\r\n\r\n<p>Economics, as the study of the production, distribution, and consumption of goods and services, offers valuable insights into the development and impact of artificial intelligence (AI). By applying economic principles and methods, researchers can better understand the implications of AI on labor markets, productivity, and wealth distribution. Additionally, economic concepts have directly influenced AI research, particularly in areas such as game theory, decision-making, and mechanism design.</p>\r\n<h2>1. Game Theory and AI:</h2>\r\n<p>Game theory, a branch of economics that studies strategic interactions among rational decision-makers, has been widely applied in AI research. By modeling AI agents as rational players in a game, researchers can design algorithms and mechanisms that enable AI systems to make optimal decisions in competitive or cooperative environments. Game-theoretic concepts have been used in areas such as multi-agent systems, reinforcement learning, and negotiation, leading to more effective and robust AI solutions.</p>\r\n<h2>2. Decision-Making and AI:</h2>\r\n<p>Economic theories of decision-making, such as utility theory and rational choice theory, have significantly influenced the development of AI systems. By incorporating these theories into AI algorithms, researchers can design AI systems that make decisions based on optimizing specific objectives, taking into account factors such as risk, uncertainty, and trade-offs. This has led to advancements in AI applications such as automated planning, recommendation systems, and resource allocation.</p>\r\n<h2>3. Mechanism Design and AI:</h2>\r\n<p>Mechanism design, an area of economics that focuses on designing systems to achieve desired outcomes in the presence of strategic behavior, has important applications in AI. By leveraging mechanism design principles, researchers can develop AI systems that are robust to manipulation, ensuring that they perform effectively even when interacting with self-interested agents. This has been applied in areas such as auction design, market-based resource allocation, and voting systems.</p>\r\n<h2>4. AI and the Economy:</h2>\r\n<p>Economists also study the broader implications of AI on the economy, examining its impact on labor markets, productivity, and wealth distribution. By analyzing the potential benefits and drawbacks of widespread AI adoption, economists can provide valuable insights into the policy and regulatory measures needed to ensure that AI technologies contribute to economic growth and societal well-being. This research helps inform the responsible and equitable development and deployment of AI technologies.</p>\r\n<h2>5. Applications and Future Directions:</h2>\r\n<p>As AI research continues to progress, the insights provided by economics will remain essential for understanding the complex relationships between AI technologies and economic systems. By examining the strategic, decision-making, and market aspects of AI, researchers can develop technologies that are more effective, robust, and aligned with societal objectives. In the future, we can expect to see increased collaboration between economics and AI, leading to new interdisciplinary approaches and innovations that address the pressing economic and societal challenges posed by AI.</p>", "key_figures": [25, 26, 27], "parents": [1], "works": [], "research_teams": [], "news": [], "sources": []}}, {"model": "discipline.discipline", "pk": 9, "fields": {"title": "Epistemology", "slug": "epistemology", "introduction": "<h1>Epistemology and its Contributions to Artificial Intelligence</h1>\r\n\r\n<p>Epistemology, a branch of philosophy that investigates the nature, sources, and limits of knowledge, has a significant impact on the development and understanding of artificial intelligence (AI). By examining the fundamental concepts of knowledge, belief, justification, and truth, epistemology offers valuable insights into the design and analysis of AI systems, particularly in the areas of knowledge representation, reasoning, and learning.</p>\r\n<h2>1. Knowledge Representation and AI:</h2>\r\n<p>One of the key challenges in AI is representing knowledge in a way that enables efficient reasoning and decision-making. Epistemology helps address this challenge by providing a framework for understanding the structure and organization of knowledge. By incorporating epistemological concepts and theories, researchers can design AI systems that represent and manipulate knowledge effectively, leading to more accurate and efficient reasoning capabilities.</p>\r\n<h2>2. Reasoning and AI:</h2>\r\n<p>Epistemology also plays a crucial role in the development of AI systems that can reason about their knowledge and beliefs. By examining the principles of logical and probabilistic reasoning, as well as the conditions under which beliefs can be justified, epistemology helps inform the design of AI algorithms and techniques for inference, deduction, and induction. This has led to advancements in areas such as automated theorem proving, planning, and diagnostic reasoning.</p>\r\n<h2>3. Machine Learning and AI:</h2>\r\n<p>Machine learning, a core area of AI, involves the development of algorithms that enable machines to learn from data and improve their performance over time. Epistemology offers valuable insights into the process of learning, particularly in terms of understanding the conditions under which learning can be considered reliable, valid, and generalizable. By applying these insights, researchers can develop more robust and effective learning algorithms, ensuring that AI systems can acquire and update knowledge in a manner that is consistent with the principles of epistemology.</p>\r\n<h2>4. AI and the Nature of Intelligence:</h2>\r\n<p>Epistemology also contributes to the broader philosophical debate about the nature of intelligence and its relation to AI. By examining the similarities and differences between human and machine intelligence, as well as the implications of AI for our understanding of knowledge, consciousness, and cognition, epistemology helps inform the development of AI systems that are more human-like, transparent, and aligned with human values.</p>\r\n<h2>5. Applications and Future Directions:</h2>\r\n<p>As AI research continues to progress, the insights provided by epistemology will remain essential for understanding the nature of knowledge and intelligence in AI systems. By incorporating epistemological principles and theories into the design and analysis of AI algorithms and techniques, researchers can develop more effective, robust, and human-like AI systems. In the future, we can expect to see increased collaboration between epistemology and AI, leading to new interdisciplinary approaches and innovations that address the pressing philosophical and ethical challenges posed by AI.</p>", "key_figures": [22, 23, 24], "parents": [1], "works": [], "research_teams": [1, 3, 4, 5, 6, 7], "news": [], "sources": []}}, {"model": "discipline.discipline", "pk": 10, "fields": {"title": "Logic", "slug": "logic", "introduction": "<h1>Logic and its Contributions to Artificial Intelligence</h1>\r\n\r\n<p>Logic, a branch of philosophy that studies the principles of valid reasoning and inference, is fundamental to the development and understanding of artificial intelligence (AI). By providing the foundations for representing knowledge and reasoning formally, logic plays a crucial role in the design, implementation, and analysis of AI systems. Applications of logic can be found in various areas of AI, including knowledge representation, automated reasoning, and formal verification.</p>\r\n<h2>1. Knowledge Representation and AI:</h2>\r\n<p>Knowledge representation, a key challenge in AI, involves encoding knowledge in a way that allows AI systems to reason effectively and efficiently. Logic provides a formal framework for representing knowledge, enabling the development of AI systems that can manipulate complex knowledge structures. Several logical formalisms, such as propositional logic, first-order logic, and description logics, have been widely used in AI for knowledge representation, leading to more accurate and efficient reasoning capabilities.</p>\r\n<h2>2. Automated Reasoning and AI:</h2>\r\n<p>Automated reasoning, a core area of AI, focuses on developing algorithms that can draw conclusions from given information or knowledge. Logic plays a central role in this process, providing a rigorous framework for representing and manipulating knowledge, as well as the basis for developing inference algorithms. Techniques such as resolution, theorem proving, and model checking have their roots in logic and have significantly contributed to the advancement of AI systems capable of complex reasoning tasks, such as planning, diagnostics, and natural language understanding.</p>\r\n<h2>3. Formal Verification and AI:</h2>\r\n<p>Formal verification is a method used to prove the correctness of algorithms and systems with respect to a formal specification. Logic plays an essential role in formal verification, providing the basis for expressing properties and requirements that AI systems must satisfy. By applying logical methods such as model checking, theorem proving, and satisfiability modulo theories, researchers can rigorously verify the correctness, safety, and reliability of AI systems, ensuring that they behave as intended and adhere to specified constraints.</p>\r\n<h2>4. Logic Programming and AI:</h2>\r\n<p>Logic programming, a paradigm that uses logic as a means of representing and executing programs, has been widely used in AI to build knowledge-based systems. By expressing algorithms and knowledge structures in a logical form, logic programming enables the development of AI systems that can reason and make decisions in a flexible, declarative manner. This approach has been applied in various AI domains, including expert systems, planning, and constraint logic programming.</p>\r\n<h2>5. Applications and Future Directions:</h2>\r\n<p>As AI research continues to progress, logic will remain an essential tool for understanding, designing, and analyzing AI systems. By incorporating logical principles and methods, researchers can develop AI algorithms and techniques that are more effective, robust, and transparent. In the future, we can expect to see increased collaboration between logic and AI, leading to new interdisciplinary approaches and innovations that address the pressing challenges posed by AI in terms of reasoning, knowledge representation, and formal verification.</p>", "key_figures": [19, 20, 21], "parents": [1, 6], "works": [], "research_teams": [], "news": [], "sources": []}}, {"model": "discipline.discipline", "pk": 11, "fields": {"title": "Ontology", "slug": "ontology", "introduction": "<h1>Ontology and its Contributions to Artificial Intelligence</h1>\r\n\r\n<p>Ontology, a branch of philosophy that deals with the study of being and the nature of existence, plays a significant role in the development and understanding of artificial intelligence (AI). By providing a framework for representing and organizing concepts, entities, and their relationships, ontology contributes to the design, implementation, and analysis of AI systems. The term \"ontology\" is also used in computer science and AI to refer to a formal, explicit specification of a shared conceptualization. Applications of ontology can be found in various areas of AI, including knowledge representation, semantic web, and natural language processing.</p>\r\n<h2>1. Knowledge Representation and AI:</h2>\r\n<p>Knowledge representation, a key challenge in AI, involves encoding knowledge in a way that allows AI systems to reason effectively and efficiently. Ontologies provide a formal framework for representing knowledge, enabling the development of AI systems that can manipulate complex knowledge structures. By incorporating ontological concepts and theories, researchers can design AI systems that represent and organize knowledge in a more accurate and efficient manner, leading to improved reasoning capabilities.</p>\r\n<h2>2. Semantic Web and AI:</h2>\r\n<p>The Semantic Web, an extension of the World Wide Web that aims to make the content more machine-readable and understandable, relies heavily on ontologies for organizing and structuring information. By using ontologies to represent the meaning of web resources, the Semantic Web enables AI systems to reason and make inferences based on the relationships between different concepts and entities. This has led to advancements in areas such as information retrieval, data integration, and knowledge discovery on the web.</p>\r\n<h2>3. Natural Language Processing and AI:</h2>\r\n<p>Natural language processing (NLP), a subfield of AI that focuses on enabling machines to understand, interpret, and generate human language, can benefit from the use of ontologies. By leveraging ontologies to represent the semantics of language, researchers can develop NLP algorithms and techniques that more effectively capture the meaning of words, phrases, and sentences. This has led to improvements in NLP tasks such as semantic parsing, information extraction, and question answering.</p>\r\n<h2>4. Ontology Engineering and AI:</h2>\r\n<p>Ontology engineering, a discipline that focuses on the development and management of ontologies, plays an important role in AI. By creating ontologies that accurately and comprehensively represent specific domains, ontology engineers can provide AI systems with the knowledge structures they need to reason and make decisions effectively. Ontology engineering techniques, such as ontology learning, ontology alignment, and ontology evaluation, have been developed to facilitate the creation, integration, and maintenance of ontologies for AI applications.</p>\r\n<h2>5. Applications and Future Directions:</h2>\r\n<p>As AI research continues to progress, ontology will remain an essential tool for understanding, designing, and analyzing AI systems. By incorporating ontological principles and methods, researchers can develop AI algorithms and techniques that are more effective, robust, and transparent. In the future, we can expect to see increased collaboration between ontology and AI, leading to new interdisciplinary approaches and innovations that address the pressing challenges posed by AI in terms of knowledge representation, reasoning, and semantic understanding.</p>", "key_figures": [16, 17, 18], "parents": [1, 7], "works": [], "research_teams": [], "news": [], "sources": []}}, {"model": "discipline.discipline", "pk": 12, "fields": {"title": "Aesthetics", "slug": "aesthetics", "introduction": "<h1>Aesthetics and its Contributions to Artificial Intelligence</h1>\r\n\r\n<p>Aesthetics, a branch of philosophy that deals with the nature of beauty, art, and taste, has begun to impact the development and understanding of artificial intelligence (AI). By exploring the principles of aesthetics, researchers can develop AI systems that can generate, evaluate, and appreciate artistic and creative works. Applications of aesthetics can be found in various areas of AI, including generative art, computational creativity, and human-computer interaction.</p>\r\n<h2>1. Generative Art and AI:</h2>\r\n<p>Generative art, a form of art created with the assistance of autonomous systems or algorithms, has seen significant advancements with the help of AI. By incorporating aesthetic principles and theories, researchers can design AI systems that generate art, music, or other creative works with novel and aesthetically pleasing characteristics. Machine learning techniques, such as neural networks and evolutionary algorithms, have been used to create AI systems that can generate compelling and original artistic content.</p>\r\n<h2>2. Computational Creativity and AI:</h2>\r\n<p>Computational creativity, a subfield of AI that focuses on enabling machines to exhibit creative behaviors, can benefit from the study of aesthetics. By understanding the principles of aesthetics, researchers can develop AI systems that are capable of generating, evaluating, and refining creative works in various domains. This includes tasks such as storytelling, poetry generation, and music composition. Aesthetics can also inform the development of AI systems that can evaluate and critique creative works, providing valuable feedback to human artists or other AI systems.</p>\r\n<h2>3. Human-Computer Interaction and AI:</h2>\r\n<p>Human-computer interaction (HCI), an interdisciplinary field that focuses on the design and use of computer technology from a human perspective, can also benefit from the insights provided by aesthetics. By incorporating aesthetic principles and theories, researchers can design AI systems that are more visually appealing, engaging, and user-friendly. This can lead to improved user experiences and more effective communication between humans and AI systems, particularly in areas such as virtual assistants, chatbots, and interactive art installations.</p>\r\n<h2>4. Aesthetic Evaluation and AI:</h2>\r\n<p>AI systems that can evaluate the aesthetic qualities of images, music, or other creative works have numerous potential applications, such as content curation, recommendation, and artistic assistance. By understanding and applying aesthetic principles, researchers can develop AI algorithms that can assess the beauty, originality, or other aesthetic properties of creative works. This can lead to AI systems that are capable of providing valuable insights, feedback, and guidance in artistic and creative endeavors.</p>\r\n<h2>5. Applications and Future Directions:</h2>\r\n<p>As AI research continues to progress, aesthetics will increasingly play a role in shaping the development and understanding of AI systems. By incorporating aesthetic principles and theories, researchers can develop AI algorithms and techniques that are more effective in generating, evaluating, and appreciating creative works. In the future, we can expect to see increased collaboration between aesthetics and AI, leading to new interdisciplinary approaches and innovations that address the pressing challenges posed by AI in the realm of art, creativity, and human-computer interaction.</p>", "key_figures": [13, 14, 15], "parents": [1], "works": [], "research_teams": [], "news": [], "sources": []}}, {"model": "discipline.discipline", "pk": 13, "fields": {"title": "Philosophy of Art", "slug": "philosophy-of-art", "introduction": "<h1>Philosophy of Art and its Contributions to Artificial Intelligence</h1>\r\n\r\n<p>The philosophy of art, a branch of aesthetics that deals with the nature, expression, and interpretation of art, can offer insights and perspectives that impact the development and understanding of artificial intelligence (AI). By exploring the fundamental concepts of art, such as beauty, expression, and creativity, the philosophy of art can inform the design, implementation, and analysis of AI systems that engage with or generate artistic and creative works. Applications of the philosophy of art can be found in various areas of AI, including generative art, computational creativity, and human-computer interaction.</p>\r\n<h2>1. Generative Art and AI:</h2>\r\n<p>Generative art, a form of art created with the assistance of autonomous systems or algorithms, can benefit from the insights provided by the philosophy of art. By incorporating concepts and theories from the philosophy of art, researchers can design AI systems that generate art, music, or other creative works with novel and aesthetically pleasing characteristics. This approach can lead to AI systems that create artistic content that better aligns with human notions of beauty, originality, and artistic value.</p>\r\n<h2>2. Computational Creativity and AI:</h2>\r\n<p>Computational creativity, a subfield of AI that focuses on enabling machines to exhibit creative behaviors, can be informed by the philosophy of art. By understanding the principles of artistic expression, interpretation, and creativity, researchers can develop AI systems that are capable of generating, evaluating, and refining creative works in various domains, such as storytelling, poetry generation, and music composition. The philosophy of art can also guide the development of AI systems that can evaluate and critique creative works, providing valuable feedback to human artists or other AI systems.</p>\r\n<h2>3. Human-Computer Interaction and AI:</h2>\r\n<p>Human-computer interaction (HCI), an interdisciplinary field that focuses on the design and use of computer technology from a human perspective, can benefit from the insights provided by the philosophy of art. By incorporating concepts and theories from the philosophy of art, researchers can design AI systems that are more engaging, expressive, and artistically appealing. This can lead to improved user experiences and more effective communication between humans and AI systems, particularly in areas such as virtual assistants, chatbots, and interactive art installations.</p>\r\n<h2>4. AI and the Nature of Art:</h2>\r\n<p>The philosophy of art also contributes to the broader debate about the nature of art and its relation to AI. By examining the similarities and differences between human and machine-generated art, as well as the implications of AI for our understanding of artistic expression, creativity, and value, the philosophy of art helps inform the development of AI systems that are more human-like and aligned with human artistic values. This can lead to AI-generated art that is more meaningful, engaging, and relevant to human audiences.</p>\r\n<h2>5. Applications and Future Directions:</h2>\r\n<p>As AI research continues to progress, the philosophy of art will increasingly contribute to the understanding, design, and analysis of AI systems that engage with or generate creative works. By incorporating concepts and theories from the philosophy of art, researchers can develop AI algorithms and techniques that are more effective in generating, evaluating, and appreciating artistic works. In the future, we can expect to see increased collaboration between the philosophy of art and AI, leading to new interdisciplinary approaches and innovations that address the pressing challenges posed by AI in the realm of art, creativity, and human-computer interaction.</p>", "key_figures": [10, 11, 12], "parents": [1], "works": [], "research_teams": [], "news": [], "sources": []}}, {"model": "discipline.discipline", "pk": 14, "fields": {"title": "Set Theory", "slug": "set-theory", "introduction": "<h1>Set Theory and its Contributions to Artificial Intelligence</h1>\r\n\r\n<p>Set theory, a foundational branch of mathematics that deals with the study of sets, collections of distinct objects, plays a crucial role in the development and understanding of artificial intelligence (AI). By providing a rigorous and well-defined framework for representing and manipulating complex structures, set theory contributes to the design, implementation, and analysis of AI systems. Applications of set theory can be found in various areas of AI, including knowledge representation, logic, and machine learning.</p>\r\n<h2>1. Knowledge Representation and AI:</h2>\r\n<p>Knowledge representation, a key challenge in AI, involves encoding knowledge in a way that allows AI systems to reason effectively and efficiently. Set theory provides a formal framework for representing knowledge, enabling the development of AI systems that can manipulate complex knowledge structures. By using set-theoretic concepts and techniques, researchers can design AI systems that represent and organize knowledge in a more accurate and efficient manner, leading to improved reasoning capabilities.</p>\r\n<h2>2. Logic and AI:</h2>\r\n<p>Logic, a fundamental tool in AI research, relies heavily on set theory for its foundations. Many logical formalisms, such as first-order logic and modal logic, use set-theoretic concepts and notations to define their syntax and semantics. Set theory also plays a crucial role in the development of inference algorithms and the study of their properties, contributing to the advancement of AI systems capable of complex reasoning tasks, such as planning, diagnostics, and natural language understanding.</p>\r\n<h2>3. Machine Learning and AI:</h2>\r\n<p>Machine learning, a core area of AI, focuses on developing algorithms that enable machines to learn from data and improve their performance over time. Set theory is used extensively in the formulation of machine learning problems and the development of learning algorithms. Concepts such as feature spaces, hypothesis spaces, and decision boundaries are often defined using set-theoretic constructs, enabling researchers to design and analyze machine learning algorithms with a rigorous mathematical foundation.</p>\r\n<h2>4. Set-Theoretic Approaches to AI:</h2>\r\n<p>There are also AI approaches that specifically leverage set theory as a central component, such as rough set theory and fuzzy set theory. Rough set theory is used to deal with vagueness and uncertainty in knowledge representation and reasoning, while fuzzy set theory is employed to handle imprecise and ambiguous information. These set-theoretic approaches have been applied in various AI domains, such as pattern recognition, data mining, and decision support systems.</p>\r\n<h2>5. Applications and Future Directions:</h2>\r\n<p>As AI research continues to progress, set theory will remain an essential tool for understanding, designing, and analyzing AI systems. By incorporating set-theoretic principles and methods, researchers can develop AI algorithms and techniques that are more effective, robust, and transparent. In the future, we can expect to see increased collaboration between set theory and AI, leading to new interdisciplinary approaches and innovations that address the pressing challenges posed by AI in terms of reasoning, knowledge representation, and learning.</p>", "key_figures": [], "parents": [6, 10], "works": [], "research_teams": [], "news": [], "sources": []}}, {"model": "discipline.discipline", "pk": 15, "fields": {"title": "Category Theory", "slug": "category-theory", "introduction": "<h1>Category Theory and its Contributions to Artificial Intelligence</h1>\r\n\r\n<p>Category theory is a highly abstract branch of mathematics that deals with the study of objects and the relationships between them, known as morphisms. It provides a powerful and unifying framework for understanding various mathematical structures, making it a valuable tool in many areas of research, including computer science and artificial intelligence (AI). By offering a versatile language for reasoning about complex systems, category theory has contributed significantly to the development of AI, from knowledge representation to functional programming and beyond.</p>\r\n<h2>1. The Language of Categories:</h2>\r\n<p>At the heart of category theory lies the concept of categories, which are collections of objects and morphisms that adhere to specific axioms. This abstract structure allows researchers to reason about diverse mathematical systems in a unified manner, regardless of their specific details. In the context of AI, this unifying language facilitates the comparison, analysis, and synthesis of different models and algorithms.</p>\r\n<h2>2. Functorial Semantics and Knowledge Representation:</h2>\r\n<p>One of the key contributions of category theory to AI is the concept of functorial semantics, which provides a means of representing complex structures and their relationships in a concise and composable manner. Functorial semantics has been used to model various aspects of knowledge representation and reasoning (KRR) in AI, enabling the development of more expressive and flexible systems for managing and manipulating knowledge.</p>\r\n<h2>3. Functional Programming and AI:</h2>\r\n<p>Category theory has also played a significant role in the advancement of functional programming, a programming paradigm that emphasizes the use of functions and immutable data structures. Functional programming is well-suited for AI applications, as it facilitates the construction of modular, composable, and easily maintainable systems. Techniques from category theory, such as monads and arrows, have been employed to reason about and design functional programs, leading to more robust and efficient AI systems.</p>\r\n<h2>4. Applications and Future Directions:</h2>\r\n<p>As AI research continues to progress, category theory will likely remain an important tool for understanding and modeling complex systems. Its abstract and unifying nature allows researchers to reason about diverse domains, from neural networks to knowledge representation, in a consistent and coherent manner. By deepening our understanding of the relationships between mathematical structures, category theory is poised to play a crucial role in shaping the future of artificial intelligence and our understanding of natural intelligence.</p>", "key_figures": [7, 8, 9], "parents": [6, 7, 10], "works": [], "research_teams": [], "news": [], "sources": []}}, {"model": "discipline.discipline", "pk": 16, "fields": {"title": "Model Theory", "slug": "model-theory", "introduction": "<h1>Model Theory and its Contributions to Artificial Intelligence</h1>\r\n\r\n<p>\r\nModel theory is a branch of mathematical logic that studies the relationship between formal languages and their interpretations, known as models. It plays a pivotal role in understanding the foundations of artificial intelligence (AI) and natural intelligence by offering insights into the structure and behavior of mathematical and logical systems. This interdisciplinary field has made notable contributions to AI by providing rigorous frameworks for representation, reasoning, and the analysis of various intelligent systems.\r\n</p>\r\n<h2>1. Formal Languages and Structures:</h2>\r\n<p>\r\nAt the core of model theory lies the concept of formal languages. These languages are composed of symbols, which are then combined according to specific rules to form strings or formulas. Model theory investigates the properties of these formulas and explores the possible interpretations, or models, of the language. By studying the relationships between different models, researchers can gain insights into the behavior and structure of various mathematical systems, ultimately informing the development of AI algorithms and architectures.\r\n</p>\r\n<h2>2. Semantics and Syntax:</h2>\r\n<p>\r\nModel theory is built on the interplay between syntax, the structure of formal languages, and semantics, the meanings assigned to those structures. In the context of AI, the understanding of syntax and semantics is crucial to developing systems that can accurately process, interpret, and generate natural language, a key component of natural intelligence. Model theoretic methods have been employed to create formal systems that represent and manipulate knowledge in a precise, unambiguous manner, enabling AI systems to reason about and solve complex problems.\r\n</p>\r\n<h2>3. Model-Theoretic Methods in AI:</h2>\r\n<p>\r\nModel-theoretic approaches have been particularly influential in the field of knowledge representation and reasoning (KRR), a subfield of AI focused on encoding knowledge in a way that can be used by computers. Techniques from model theory, such as first-order logic and the use of model-theoretic semantics, have been instrumental in designing AI systems capable of understanding and reasoning about various domains, including planning, learning, and decision-making.\r\n</p>\r\n<h2>4. Applications and Future Directions:</h2>\r\n<p>\r\nAs AI research continues to evolve, model theory remains an essential tool for exploring and understanding the underlying principles of intelligent systems. The rigorous frameworks provided by model theory have the potential to inform the development of more advanced AI systems, capable of tackling increasingly complex tasks. By continuing to investigate the relationships between formal languages, their interpretations, and the structure of mathematical systems, model theory will undoubtedly play a crucial role in shaping the future of artificial intelligence and our understanding of natural intelligence.\r\n</p>", "key_figures": [4, 5, 6], "parents": [10], "works": [], "research_teams": [], "news": [], "sources": []}}, {"model": "discipline.discipline", "pk": 17, "fields": {"title": "Communication Science", "slug": "communication", "introduction": "<h1>Communication Science and its Contributions to Artificial Intelligence</h1>\r\n\r\n<p>Communication science, an interdisciplinary field that studies the processes, mechanisms, and effects of communication, plays a crucial role in the development and understanding of artificial intelligence (AI). By exploring theories and principles of human communication, researchers can develop AI systems that can effectively interact with humans and other AI agents. Applications of communication science can be found in various areas of AI, including natural language processing, human-computer interaction, and multi-agent systems.</p>\r\n<h2>1. Natural Language Processing and AI:</h2>\r\n<p>Natural language processing (NLP), a subfield of AI that focuses on enabling machines to understand, interpret, and generate human language, can benefit from the insights provided by communication science. By incorporating theories of human communication, such as pragmatics, semantics, and discourse analysis, researchers can develop NLP algorithms and techniques that more effectively capture the meaning and nuances of human language. This has led to improvements in NLP tasks such as sentiment analysis, information extraction, and machine translation.</p>\r\n<h2>2. Human-Computer Interaction and AI:</h2>\r\n<p>Human-computer interaction (HCI), an interdisciplinary field that focuses on the design and use of computer technology from a human perspective, can also benefit from the insights provided by communication science. By incorporating theories of human communication and interaction, researchers can design AI systems that are more engaging, effective, and user-friendly. This can lead to improved user experiences and more effective communication between humans and AI systems, particularly in areas such as virtual assistants, chatbots, and interactive art installations.</p>\r\n<h2>3. Multi-Agent Systems and AI:</h2>\r\n<p>Multi-agent systems, a subfield of AI that deals with the development of autonomous agents capable of coordinating their actions, can be informed by communication science. By understanding the principles of human communication, researchers can design AI agents that can effectively interact and cooperate with other agents, leading to improved performance in tasks such as negotiation, coordination, and collaboration. Communication science can also contribute to the development of protocols and languages for agent communication, enabling more efficient and robust interaction between AI agents in complex environments.</p>\r\n<h2>4. Socially-Aware AI:</h2>\r\n<p>Communication science can also contribute to the development of socially-aware AI systems that can understand and adapt to the social context in which they operate. By incorporating theories of social communication and cultural norms, researchers can design AI systems that are more sensitive to the social and emotional aspects of human interaction. This can lead to AI systems that are more empathetic, respectful, and capable of building trust with human users.</p>\r\n<h2>5. Applications and Future Directions:</h2>\r\n<p>As AI research continues to progress, communication science will increasingly contribute to the understanding, design, and analysis of AI systems that interact with humans and other AI agents. By incorporating theories and principles from communication science, researchers can develop AI algorithms and techniques that are more effective in understanding, interpreting, and generating human language, as well as more engaging and user-friendly in human-computer interaction. In the future, we can expect to see increased collaboration between communication science and AI, leading to new interdisciplinary approaches and innovations that address the pressing challenges posed by AI in the realm of communication, interaction, and social understanding.</p>", "key_figures": [1, 2, 3], "parents": [18], "works": [], "research_teams": [], "news": [], "sources": []}}, {"model": "discipline.discipline", "pk": 18, "fields": {"title": "Artificial Intelligence", "slug": "artificial-intelligence", "introduction": "<h3>Artificial Intelligence - AI</h3>\r\n<p>Artificial Intelligence (AI) is a rapidly evolving field that encompasses a wide range of disciplines, reflecting its multidisciplinary nature. It involves the development of intelligent machines and algorithms that can learn, reason, and adapt, mimicking various aspects of human intelligence. The multidisciplinary approach to AI allows researchers to draw on a wealth of knowledge and expertise from diverse fields, driving innovation and fostering a deeper understanding of intelligence, both natural and artificial.</p>\r\n\r\n<p>At its core, AI is rooted in computer science, as it involves the creation of algorithms and computational models to process and analyze data. Computer scientists work on developing advanced machine learning techniques, natural language processing algorithms, and computer vision systems that enable AI applications to learn and adapt autonomously. Mathematics plays a crucial role in AI as well, providing the theoretical foundation for many algorithms and techniques, such as linear algebra, probability theory, and optimization.</p>\r\n\r\n<p>Cognitive psychology offers valuable insights into the mechanisms underlying human learning, perception, memory, and decision-making. By understanding these cognitive processes, AI researchers can develop more effective and human-like AI systems. Similarly, neuroscience contributes to AI by revealing the structure and function of biological neural networks, inspiring the design of artificial neural networks that underpin deep learning models.</p>\r\n\r\n<p>Linguistics is another discipline that significantly influences AI, particularly in the realm of natural language processing. By studying the structure, meaning, and context of human languages, linguists help AI researchers design systems capable of understanding and generating human-like language. Philosophy, specifically the subfields of epistemology, ontology, and ethics, contributes to AI by addressing questions about the nature of knowledge, existence, and the ethical implications of AI systems.</p>\r\n\r\n<p>The multidisciplinary nature of AI extends to other fields as well, such as economics, which provides insights into decision-making, game theory, and resource allocation. Sociology and anthropology contribute to our understanding of the social and cultural dimensions of AI, helping to ensure that AI systems are sensitive to human values and contexts. Additionally, research in the fields of art, aesthetics, and design drives innovation in creative AI applications, such as generative art and music composition.</p>\r\n\r\n<p>Collaboration among these diverse disciplines has been essential to the development and growth of AI. By integrating knowledge from various fields, researchers can approach AI challenges from multiple perspectives, leading to more robust, effective, and human-centered solutions. This multidisciplinary approach will continue to shape the future of AI, as researchers from different backgrounds come together to push the boundaries of what is possible in artificial intelligence.</p>", "key_figures": [20, 28, 29, 52, 53, 61], "parents": [], "works": [], "research_teams": [8, 9, 10, 11, 12], "news": [], "sources": []}}, {"model": "comments.comment", "pk": 1, "fields": {"name": "tolgahan toy", "email": "tolgahantoyboun@gmail.com", "message": "good one", "created_at": "2023-04-12T13:35:21.118Z"}}, {"model": "comments.comment", "pk": 2, "fields": {"name": "tolgahan toy", "email": "tolgahantoyboun@gmail.com", "message": "good one", "created_at": "2023-04-12T13:36:30.503Z"}}]